observation_date,OPHNFB,COMPRNFB,LES1252881600Q
1979-01-01,49.615,70.555,335
1979-04-01,49.523,70.275,335
1979-07-01,49.463,69.974,330
1979-10-01,49.405,69.986,326
1980-01-01,49.639,69.736,321
1980-04-01,49.122,69.905,315
1980-07-01,49.316,69.984,319
1980-10-01,49.817,70.191,315
1981-01-01,50.584,70.001,314
1981-04-01,49.930,69.905,311
1981-07-01,50.397,70.036,309
1981-10-01,49.862,69.974,312
1982-01-01,49.612,70.947,312
1982-04-01,49.626,70.748,314
1982-07-01,49.724,70.627,311
1982-10-01,50.161,70.885,313
1983-01-01,50.843,71.196,315
1983-04-01,51.956,71.024,314
1983-07-01,52.080,70.732,315
1983-10-01,52.380,70.887,312
1984-01-01,52.633,70.735,313
1984-04-01,52.926,70.837,312
1984-07-01,53.149,71.306,313
1984-10-01,53.208,71.287,316
1985-01-01,53.378,71.572,314
1985-04-01,53.546,71.623,323
1985-07-01,54.228,72.230,320
1985-10-01,54.445,72.906,320
1986-01-01,55.090,73.595,321
1986-04-01,55.522,74.832,328
1986-07-01,55.759,75.347,328
1986-10-01,55.639,75.861,331
1987-01-01,55.376,75.336,328
1987-04-01,55.749,75.083,328
1987-07-01,55.761,75.114,330
1987-10-01,56.319,75.404,328
1988-01-01,56.533,76.229,329
1988-04-01,56.686,76.347,325
1988-07-01,56.806,76.411,325
1988-10-01,56.869,76.286,324
1989-01-01,56.967,75.728,323
1989-04-01,57.132,74.905,322
1989-07-01,57.398,75.044,322
1989-10-01,57.404,75.444,322
1990-01-01,57.936,75.689,319
1990-04-01,58.338,76.463,319
1990-07-01,58.531,76.231,313
1990-10-01,57.922,75.627,312
1991-01-01,58.101,75.667,316
1991-04-01,59.047,76.766,312
1991-07-01,59.553,77.218,312
1991-10-01,59.836,77.683,313
1992-01-01,61.018,79.284,315
1992-04-01,61.527,79.471,313
1992-07-01,62.088,79.892,314
1992-10-01,62.447,79.703,312
1993-01-01,61.916,78.732,315
1993-04-01,61.551,78.734,317
1993-07-01,61.831,78.469,319
1993-10-01,62.068,78.498,319
1994-01-01,62.240,77.818,316
1994-04-01,62.299,78.053,317
1994-07-01,61.947,77.439,314
1994-10-01,62.601,77.684,314
1995-01-01,62.642,77.667,313
1995-04-01,62.935,77.716,314
1995-07-01,62.930,77.791,317
1995-10-01,63.274,78.030,313
1996-01-01,63.666,78.280,312
1996-04-01,64.284,78.337,312
1996-07-01,64.522,78.531,314
1996-10-01,64.587,78.373,313
1997-01-01,64.447,78.820,313
1997-04-01,65.399,79.346,314
1997-07-01,65.925,79.782,314
1997-10-01,66.246,80.832,314
1998-01-01,66.859,82.069,319
1998-04-01,67.196,82.867,319
1998-07-01,68.104,83.830,321
1998-10-01,68.628,83.952,328
1999-01-01,69.579,85.138,324
1999-04-01,69.834,84.872,329
1999-07-01,70.469,84.945,330
1999-10-01,71.516,86.020,335
2000-01-01,71.222,88.149,334
2000-04-01,72.657,87.696,334
2000-07-01,72.587,88.576,335
2000-10-01,73.353,88.473,334
2001-01-01,72.940,89.583,333
2001-04-01,74.193,89.313,336
2001-07-01,74.611,89.158,338
2001-10-01,75.555,90.091,340
2002-01-01,77.138,90.172,341
2002-04-01,77.259,90.267,339
2002-07-01,77.852,90.247,337
2002-10-01,77.749,89.928,336
2003-01-01,78.511,89.547,335
2003-04-01,79.545,91.259,338
2003-07-01,81.295,91.947,337
2003-10-01,82.068,92.890,337
2004-01-01,81.825,91.907,337
2004-04-01,82.678,92.947,341
2004-07-01,83.061,94.071,335
2004-10-01,83.433,93.425,337
2005-01-01,84.324,93.528,336
2005-04-01,84.249,93.507,334
2005-07-01,84.825,93.329,331
2005-10-01,84.834,93.010,332
2006-01-01,85.416,94.268,332
2006-04-01,85.322,93.570,329
2006-07-01,85.157,92.961,334
2006-10-01,85.708,94.816,337
2007-01-01,86.014,96.047,336
2007-04-01,86.272,94.915,335
2007-07-01,87.030,94.735,336
2007-10-01,87.716,94.728,332
2008-01-01,87.136,94.591,335
2008-04-01,88.158,93.532,335
2008-07-01,88.374,93.071,331
2008-10-01,87.901,96.489,340
2009-01-01,88.901,94.543,345
2009-04-01,90.943,96.532,345
2009-07-01,92.392,96.480,345
2009-10-01,93.644,96.171,344
2010-01-01,93.743,95.086,344
2010-04-01,94.055,96.265,342
2010-07-01,94.663,96.557,342
2010-10-01,94.963,96.098,341
2011-01-01,94.262,96.881,338
2011-04-01,94.321,94.949,336
2011-07-01,94.147,95.088,336
2011-10-01,94.600,93.257,335
2012-01-01,95.077,94.939,335
2012-04-01,95.572,95.228,337
2012-07-01,95.291,94.783,333
2012-10-01,94.932,96.558,333
2013-01-01,95.397,94.710,331
2013-04-01,95.160,95.446,335
2013-07-01,95.837,94.706,334
2013-10-01,96.761,95.111,334
2014-01-01,95.957,96.315,335
2014-04-01,96.579,95.265,330
2014-07-01,97.406,95.524,336
2014-10-01,97.075,96.795,336
2015-01-01,97.637,98.538,341
2015-04-01,98.117,98.731,339
2015-07-01,98.392,98.958,340
2015-10-01,97.787,98.762,345
2016-01-01,98.205,98.854,346
2016-04-01,98.267,98.418,345
2016-07-01,98.603,98.422,347
2016-10-01,99.271,98.871,349
2017-01-01,99.432,99.152,352
2017-04-01,99.485,99.649,354
2017-07-01,100.294,100.452,352
2017-10-01,101.031,101.000,345
2018-01-01,101.359,100.754,351
2018-04-01,101.371,100.738,351
2018-07-01,101.668,101.285,354
2018-10-01,101.486,101.218,355
2019-01-01,102.340,103.354,355
2019-04-01,102.971,102.604,358
2019-07-01,104.129,102.299,360
2019-10-01,105.103,103.334,362
2020-01-01,104.679,105.387,367
2020-04-01,109.772,112.562,393
2020-07-01,111.491,109.625,384
2020-10-01,110.599,111.637,376
2021-01-01,111.394,110.560,373
2021-04-01,111.626,110.218,371
2021-07-01,110.948,109.915,367
2021-10-01,111.578,109.124,361
2022-01-01,110.176,107.253,363
2022-04-01,109.360,104.876,359
2022-07-01,109.423,105.358,362
2022-10-01,110.047,104.401,362
2023-01-01,110.298,104.274,364
2023-04-01,111.404,105.190,365
2023-07-01,112.786,105.896,366
2023-10-01,113.881,106.488,369
2024-01-01,113.947,107.023,365
2024-04-01,114.990,107.558,368
2024-07-01,116.035,108.480,371
2024-10-01,116.445,108.781,374
2025-01-01,116.187,109.465,373
2025-04-01,117.385,109.337,376
2025-07-01,118.884,110.158,376
2025-10-01,119.350,110.486,.
2026-01-01,119.437,110.104,376
