Entity,Code,Year,Before tax,After tax
Australia,AUS,1981,,0.28175947
Australia,AUS,1985,,0.29282892
Australia,AUS,1989,0.43149558,0.3038032
Australia,AUS,1995,0.46969607,0.31062946
Australia,AUS,2001,0.48124823,0.3196829
Australia,AUS,2003,0.4689298,0.3156014
Australia,AUS,2004,0.4669924,0.3155819
Australia,AUS,2008,0.46909365,0.33544213
Australia,AUS,2010,0.4698966,0.33327734
Australia,AUS,2014,0.4807871,0.32900757
Australia,AUS,2016,0.46692386,0.3264254
Australia,AUS,2018,0.46949545,0.3285264
Australia,AUS,2020,0.45894325,0.32502788
Austria,AUT,1994,,0.27752146
Austria,AUT,1995,,0.26618898
Austria,AUT,1996,,0.2576311
Austria,AUT,1997,,0.2554065
Austria,AUT,1998,,0.27484977
Austria,AUT,1999,,0.26199833
Austria,AUT,2000,,0.25366104
Austria,AUT,2003,0.4512396,0.2652388
Austria,AUT,2004,0.45576727,0.26800165
Austria,AUT,2005,0.46185684,0.259912
Austria,AUT,2006,0.47680417,0.26775923
Austria,AUT,2007,0.4862568,0.2841448
Austria,AUT,2008,0.4896952,0.28027636
Austria,AUT,2009,0.5058434,0.28908923
Austria,AUT,2010,0.49751106,0.279861
Austria,AUT,2011,0.49645716,0.28203404
Austria,AUT,2012,0.49530074,0.27652475
Austria,AUT,2013,0.4973846,0.2802535
Austria,AUT,2014,0.4947869,0.2748191
Austria,AUT,2015,0.49730682,0.27640057
Austria,AUT,2016,0.50342256,0.28502482
Austria,AUT,2017,0.4884377,0.27664128
Austria,AUT,2018,0.4973421,0.28024822
Austria,AUT,2019,0.49135292,0.2743016
Austria,AUT,2020,0.49663228,0.27163133
Austria,AUT,2021,0.49741942,0.28081983
Austria,AUT,2022,0.49363282,0.28302965
Austria,AUT,2023,0.49403012,0.2843582
Belgium,BEL,1985,,0.22770791
Belgium,BEL,1988,,0.23472327
Belgium,BEL,1992,0.4561878,0.22830842
Belgium,BEL,1995,,0.26845163
Belgium,BEL,1997,0.48336285,0.25122428
Belgium,BEL,2000,,0.28886
Belgium,BEL,2003,0.48496753,0.26146042
Belgium,BEL,2004,0.5016666,0.27102625
Belgium,BEL,2005,0.49016348,0.2696363
Belgium,BEL,2006,0.48198995,0.27195057
Belgium,BEL,2007,0.48304334,0.27498424
Belgium,BEL,2008,0.4715443,0.26216123
Belgium,BEL,2009,0.4792424,0.26734665
Belgium,BEL,2010,0.48681408,0.26330656
Belgium,BEL,2011,0.49038014,0.2684564
Belgium,BEL,2012,0.48549697,0.2662758
Belgium,BEL,2013,0.49306238,0.26391977
Belgium,BEL,2014,0.4971587,0.26218766
Belgium,BEL,2015,0.49959517,0.2658388
Belgium,BEL,2016,0.5004883,0.26467445
Belgium,BEL,2017,0.48658898,0.2598285
Belgium,BEL,2018,0.49376604,0.25823426
Belgium,BEL,2019,0.4923164,0.26191244
Belgium,BEL,2020,0.49643382,0.24747913
Belgium,BEL,2021,0.4855681,0.2531269
Belgium,BEL,2022,0.48633817,0.24958608
Belgium,BEL,2023,0.4904505,0.25277466
Belgium,BEL,2024,0.48504594,0.24316512
Brazil,BRA,1981,,0.5334843
Brazil,BRA,1982,,0.53933954
Brazil,BRA,1983,,0.54461884
Brazil,BRA,1984,,0.52727133
Brazil,BRA,1985,,0.5376157
Brazil,BRA,1986,,0.53506404
Brazil,BRA,1987,,0.5409743
Brazil,BRA,1988,,0.5711102
Brazil,BRA,1989,,0.58770096
Brazil,BRA,1990,,0.5694209
Brazil,BRA,1992,0.5899348,0.5398393
Brazil,BRA,1993,0.6148581,0.5620061
Brazil,BRA,1995,0.6172041,0.5684709
Brazil,BRA,1996,0.6145143,0.56401795
Brazil,BRA,1997,0.61383694,0.56145006
Brazil,BRA,1998,0.6144315,0.5572261
Brazil,BRA,1999,0.608516,0.5487612
Brazil,BRA,2001,0.60949385,0.5364418
Brazil,BRA,2002,0.60255915,0.5288594
Brazil,BRA,2003,0.5994657,0.5202168
Brazil,BRA,2004,0.5940236,0.51300204
Brazil,BRA,2005,0.5836904,0.50088394
Brazil,BRA,2006,0.58093786,0.49329633
Brazil,BRA,2007,0.57704484,0.4840459
Brazil,BRA,2008,0.5664977,0.4766142
Brazil,BRA,2009,0.5638263,0.4719701
Brazil,BRA,2011,0.5652917,0.46237665
Brazil,BRA,2012,0.5585833,0.4521117
Brazil,BRA,2013,0.5608205,0.4532093
Brazil,BRA,2014,0.5506261,0.44445378
Brazil,BRA,2015,0.55476516,0.44603428
Brazil,BRA,2016,,0.46317074
Brazil,BRA,2017,,0.47524446
Brazil,BRA,2018,,0.47548336
Brazil,BRA,2019,,0.47732392
Brazil,BRA,2020,,0.44966248
Brazil,BRA,2021,,0.47149098
Brazil,BRA,2022,,0.45272794
Bulgaria,BGR,2007,0.48157698,0.35864183
Bulgaria,BGR,2008,0.4481953,0.3276438
Bulgaria,BGR,2009,0.4517644,0.32829133
Bulgaria,BGR,2010,0.45011717,0.32983646
Bulgaria,BGR,2011,0.4623896,0.3389183
Bulgaria,BGR,2012,0.4705891,0.35434046
Bulgaria,BGR,2013,0.4866005,0.3515451
Bulgaria,BGR,2014,0.49264455,0.3680609
Bulgaria,BGR,2015,0.52177125,0.37614056
Bulgaria,BGR,2016,0.5335356,0.40245083
Bulgaria,BGR,2017,0.5315515,0.39500898
Bulgaria,BGR,2018,0.53002214,0.4072489
Bulgaria,BGR,2019,0.52559125,0.40068024
Bulgaria,BGR,2020,0.5252695,0.39549363
Bulgaria,BGR,2021,0.51482314,0.38238603
Bulgaria,BGR,2022,0.5172969,0.37292597
Canada,CAN,1971,0.40173787,0.32284704
Canada,CAN,1973,0.3839611,0.30378628
Canada,CAN,1975,0.39119408,0.30294752
Canada,CAN,1977,0.38596445,0.29942822
Canada,CAN,1979,0.38362363,0.3004837
Canada,CAN,1981,0.38158557,0.2950249
Canada,CAN,1982,0.39795163,0.29568833
Canada,CAN,1984,0.41858727,0.3072529
Canada,CAN,1985,0.41307423,0.30504847
Canada,CAN,1986,0.39110282,0.2868442
Canada,CAN,1987,0.39518857,0.28937188
Canada,CAN,1988,0.3943307,0.2859524
Canada,CAN,1989,0.3874813,0.28289598
Canada,CAN,1990,0.4001501,0.28706908
Canada,CAN,1991,0.41553625,0.29276118
Canada,CAN,1992,0.41691893,0.28632268
Canada,CAN,1993,0.42092532,0.28801075
Canada,CAN,1994,0.4194159,0.28502482
Canada,CAN,1995,0.4174371,0.28669432
Canada,CAN,1996,0.44370458,0.3031065
Canada,CAN,1997,0.44643313,0.30793816
Canada,CAN,1998,0.44709462,0.31151938
Canada,CAN,1999,0.43503004,0.3104908
Canada,CAN,2000,0.43684426,0.31767365
Canada,CAN,2001,0.4380883,0.31827086
Canada,CAN,2002,0.4336701,0.316772
Canada,CAN,2003,0.43585175,0.31813493
Canada,CAN,2004,0.43666524,0.32023293
Canada,CAN,2005,0.43286532,0.3181733
Canada,CAN,2006,0.43382382,0.31849885
Canada,CAN,2007,0.43387932,0.31647447
Canada,CAN,2008,0.4375416,0.3217129
Canada,CAN,2009,0.4443984,0.32105508
Canada,CAN,2010,0.44320554,0.31780964
Canada,CAN,2011,0.43355143,0.31285655
Canada,CAN,2012,0.43131104,0.31712437
Canada,CAN,2013,0.43636286,0.3211203
Canada,CAN,2014,0.4256598,0.31246477
Canada,CAN,2015,0.43803567,0.31968588
Canada,CAN,2016,0.4316481,0.3082689
Canada,CAN,2017,0.4407225,0.31307006
Canada,CAN,2018,0.42901325,0.30617234
Canada,CAN,2019,0.42084897,0.30002072
Canada,CAN,2020,0.44029397,0.2821067
Canada,CAN,2021,0.4355783,0.29129627
Canada,CAN,2022,0.42716137,0.29867157
Chile,CHL,1990,,0.50720996
Chile,CHL,1992,,0.50818306
Chile,CHL,1994,,0.5063163
Chile,CHL,1996,,0.5040243
Chile,CHL,1998,,0.5096851
Chile,CHL,2000,,0.5255902
Chile,CHL,2003,,0.5031824
Chile,CHL,2006,,0.47623944
Chile,CHL,2009,,0.47794783
Chile,CHL,2011,,0.46693817
Chile,CHL,2013,,0.46015266
Chile,CHL,2015,,0.45319772
Chile,CHL,2017,,0.45865902
China,CHN,2002,,0.41545686
China,CHN,2013,,0.3990674
China,CHN,2018,,0.41278297
Colombia,COL,2001,,0.5089494
Colombia,COL,2002,,0.5254771
Colombia,COL,2003,,0.5042136
Colombia,COL,2004,,0.5130535
Colombia,COL,2005,,0.51301533
Colombia,COL,2006,,0.5023139
Colombia,COL,2007,,0.54029614
Colombia,COL,2008,,0.5259497
Colombia,COL,2009,,0.5103568
Colombia,COL,2010,,0.5108839
Colombia,COL,2011,,0.49992588
Colombia,COL,2012,,0.49065977
Colombia,COL,2013,,0.49096462
Colombia,COL,2014,,0.4886206
Colombia,COL,2015,,0.47310287
Colombia,COL,2016,,0.46971282
Colombia,COL,2017,,0.4605256
Colombia,COL,2018,,0.46522397
Colombia,COL,2019,,0.47961754
Colombia,COL,2020,,0.50268364
Colombia,COL,2021,,0.4854027
Colombia,COL,2022,,0.51634055
Colombia,COL,2023,,0.50844914
Cote d'Ivoire,CIV,2002,,0.56627434
Cote d'Ivoire,CIV,2008,,0.5384029
Cote d'Ivoire,CIV,2015,,0.5789081
Czechia,CZE,1992,,0.2053469
Czechia,CZE,1996,,0.25660393
Czechia,CZE,2002,0.46658272,0.25554517
Czechia,CZE,2004,0.4715051,0.26657593
Czechia,CZE,2005,0.46387067,0.25771442
Czechia,CZE,2006,0.4613377,0.2578126
Czechia,CZE,2007,0.44948348,0.25187528
Czechia,CZE,2008,0.4429852,0.2552862
Czechia,CZE,2009,0.44468346,0.2535829
Czechia,CZE,2010,0.44866145,0.25640324
Czechia,CZE,2011,0.4555545,0.25528735
Czechia,CZE,2012,0.45241335,0.25257897
Czechia,CZE,2013,0.46020865,0.2587114
Czechia,CZE,2014,0.45658347,0.25899798
Czechia,CZE,2015,0.45623115,0.25946444
Czechia,CZE,2016,0.4441372,0.25345322
Czechia,CZE,2017,0.43188354,0.25024855
Czechia,CZE,2018,0.4278907,0.2491414
Czechia,CZE,2019,0.42873323,0.24910422
Czechia,CZE,2020,0.44638634,0.25351304
Czechia,CZE,2021,0.43453524,0.25561094
Czechia,CZE,2022,0.4300053,0.2507875
Czechia,CZE,2023,0.42576894,0.24315464
Denmark,DNK,1987,0.41025466,0.25688827
Denmark,DNK,1992,0.44122028,0.24087265
Denmark,DNK,1995,0.42649603,0.21973535
Denmark,DNK,2000,0.41564608,0.22561648
Denmark,DNK,2004,0.4224905,0.22986716
Denmark,DNK,2007,0.41686597,0.24052079
Denmark,DNK,2010,0.4427445,0.2505119
Denmark,DNK,2013,0.4450157,0.25087348
Denmark,DNK,2015,0.4836344,0.2737462
Denmark,DNK,2016,0.49655646,0.27488035
Denmark,DNK,2017,0.47961274,0.2771512
Denmark,DNK,2018,0.4768316,0.2772162
Denmark,DNK,2019,0.48336193,0.28036016
Denmark,DNK,2020,0.47855335,0.27918395
Denmark,DNK,2021,0.4800098,0.28532645
Denmark,DNK,2022,0.4767604,0.2881095
Dominican Republic,DOM,2007,0.5229422,0.5145478
Estonia,EST,2000,,0.36394206
Estonia,EST,2004,0.50020975,0.34945002
Estonia,EST,2007,0.44810674,0.31296143
Estonia,EST,2010,0.4854952,0.31996712
Estonia,EST,2013,0.50688326,0.3536205
Estonia,EST,2016,0.45646524,0.31426048
Finland,FIN,1987,0.32744116,0.20699117
Finland,FIN,1991,0.3297456,0.20915785
Finland,FIN,1995,0.3849902,0.217224
Finland,FIN,2000,0.40681875,0.2535609
Finland,FIN,2004,0.40673026,0.26184332
Finland,FIN,2007,0.3809191,0.26657507
Finland,FIN,2010,0.37788102,0.263364
Finland,FIN,2013,0.37779918,0.2605014
Finland,FIN,2016,0.38192445,0.25841793
France,FRA,1970,,0.33994716
France,FRA,1975,,0.32337272
France,FRA,1979,,0.30080804
France,FRA,1984,,0.2994766
France,FRA,1990,,0.28879642
France,FRA,1996,,0.2853015
France,FRA,1997,,0.28532442
France,FRA,1998,,0.28232127
France,FRA,1999,,0.2905492
France,FRA,2000,,0.29384577
France,FRA,2001,,0.29202673
France,FRA,2002,,0.28912273
France,FRA,2003,,0.28759947
France,FRA,2004,,0.28874657
France,FRA,2005,,0.29464573
France,FRA,2006,,0.296857
France,FRA,2007,,0.29693913
France,FRA,2008,,0.2987215
France,FRA,2009,,0.2997928
France,FRA,2010,,0.3074128
France,FRA,2011,,0.31350008
France,FRA,2012,,0.3115983
France,FRA,2013,,0.29858118
France,FRA,2014,,0.29806823
France,FRA,2015,,0.29918095
France,FRA,2016,,0.29591957
France,FRA,2017,,0.2967058
France,FRA,2018,,0.30293933
France,FRA,2019,,0.29874122
France,FRA,2020,,0.28822693
France,FRA,2021,,0.3020925
France,FRA,2022,,0.29904228
Georgia,GEO,2009,,0.4686666
Georgia,GEO,2010,,0.4528321
Georgia,GEO,2011,,0.45536026
Georgia,GEO,2012,,0.41074538
Georgia,GEO,2013,,0.40181515
Georgia,GEO,2014,,0.3908365
Georgia,GEO,2015,,0.3897085
Georgia,GEO,2016,,0.3912351
Georgia,GEO,2017,,0.40869924
Georgia,GEO,2018,,0.36998412
Georgia,GEO,2019,,0.3788828
Georgia,GEO,2020,,0.35772297
Georgia,GEO,2021,,0.34552637
Georgia,GEO,2022,,0.3425127
Germany,DEU,1973,0.37717724,0.27146626
Germany,DEU,1978,0.41464314,0.2630232
Germany,DEU,1983,0.4098537,0.2604727
Germany,DEU,1984,,0.25665835
Germany,DEU,1985,0.43749246,0.2539497
Germany,DEU,1986,0.4234803,0.24590689
Germany,DEU,1987,0.42917028,0.25119364
Germany,DEU,1988,0.4304907,0.25267762
Germany,DEU,1989,0.43020058,0.25461727
Germany,DEU,1990,0.4217215,0.25584882
Germany,DEU,1991,0.43387595,0.26588804
Germany,DEU,1992,0.4395154,0.26231265
Germany,DEU,1993,0.43735403,0.25474307
Germany,DEU,1994,0.44900438,0.2605433
Germany,DEU,1995,0.45502433,0.25533617
Germany,DEU,1996,0.45846245,0.2520581
Germany,DEU,1997,0.4624071,0.25001925
Germany,DEU,1998,0.45965528,0.25138608
Germany,DEU,1999,0.46485484,0.2598109
Germany,DEU,2000,0.4692736,0.2583166
Germany,DEU,2001,0.48619494,0.26908702
Germany,DEU,2002,0.4927374,0.27041563
Germany,DEU,2003,0.49849153,0.26815227
Germany,DEU,2004,0.49832618,0.2701502
Germany,DEU,2005,0.51662445,0.28769597
Germany,DEU,2006,0.51101863,0.2857278
Germany,DEU,2007,0.51174897,0.287195
Germany,DEU,2008,0.5003083,0.28420538
Germany,DEU,2009,0.50440377,0.2840491
Germany,DEU,2010,0.50473803,0.28637296
Germany,DEU,2011,0.5061164,0.28598848
Germany,DEU,2012,0.5082297,0.2886706
Germany,DEU,2013,0.51630455,0.29385263
Germany,DEU,2014,0.50703514,0.2881819
Germany,DEU,2015,0.5118725,0.29225984
Germany,DEU,2016,0.50994134,0.29330486
Germany,DEU,2017,0.5123484,0.29302728
Germany,DEU,2018,0.514633,0.2998791
Germany,DEU,2019,0.52198863,0.30428937
Germany,DEU,2020,0.51901793,0.30479145
Germany,DEU,2021,0.50539756,0.31407186
Germany,DEU,2022,0.50958735,0.31194592
Greece,GRC,1995,,0.35013312
Greece,GRC,2000,,0.33735842
Greece,GRC,2002,,0.34220034
Greece,GRC,2003,,0.3207365
Greece,GRC,2004,,0.32972628
Greece,GRC,2005,,0.3413673
Greece,GRC,2006,0.48709762,0.32962897
Greece,GRC,2007,0.48593876,0.32105002
Greece,GRC,2008,0.493179,0.32847327
Greece,GRC,2009,0.48622167,0.32111132
Greece,GRC,2010,0.50300175,0.3216289
Greece,GRC,2011,0.528222,0.32348558
Greece,GRC,2012,0.54565984,0.3300177
Greece,GRC,2013,0.5515134,0.3416708
Greece,GRC,2014,0.54488355,0.33371997
Greece,GRC,2015,0.5502065,0.33884183
Greece,GRC,2016,0.5217825,0.33233514
Greece,GRC,2017,0.515947,0.3195122
Greece,GRC,2018,0.5030445,0.2998787
Greece,GRC,2019,0.5032848,0.30743343
Greece,GRC,2020,0.50633943,0.31548834
Greece,GRC,2021,0.48845083,0.3075376
Guatemala,GTM,2006,,0.4885602
Guatemala,GTM,2011,,0.51770693
Guatemala,GTM,2014,,0.4112354
Hungary,HUN,1991,,0.29353076
Hungary,HUN,1994,,0.32680908
Hungary,HUN,1999,,0.29019725
Hungary,HUN,2005,,0.28772235
Hungary,HUN,2007,,0.2701349
Hungary,HUN,2009,,0.27055925
Hungary,HUN,2012,,0.2884845
Hungary,HUN,2015,,0.26821664
Iceland,ISL,2003,0.3331633,0.25241506
Iceland,ISL,2004,0.33615744,0.26061666
Iceland,ISL,2005,0.35393757,0.28910133
Iceland,ISL,2006,0.36453366,0.30666196
Iceland,ISL,2007,0.35561594,0.29829714
Iceland,ISL,2008,0.36446822,0.3137941
Iceland,ISL,2009,0.35551214,0.27567843
Iceland,ISL,2010,0.36197636,0.26130766
Iceland,ISL,2011,0.36399326,0.25006145
Iceland,ISL,2012,0.35664248,0.26100504
Iceland,ISL,2013,0.3420378,0.24889773
Iceland,ISL,2014,0.36035842,0.27367017
Iceland,ISL,2015,0.34132448,0.26142967
Iceland,ISL,2016,0.3378269,0.26523462
Iceland,ISL,2017,0.3260517,0.2506047
India,IND,2004,,0.49012825
India,IND,2011,,0.50140595
Ireland,IRL,1987,0.50444496,0.32932025
Ireland,IRL,1994,,0.33659902
Ireland,IRL,1995,,0.34251365
Ireland,IRL,1996,,0.33072764
Ireland,IRL,2000,,0.31368247
Ireland,IRL,2002,0.4645041,0.30724043
Ireland,IRL,2003,0.49803364,0.32356688
Ireland,IRL,2004,0.50926816,0.3239598
Ireland,IRL,2005,0.5094005,0.32344973
Ireland,IRL,2006,0.50997764,0.3162679
Ireland,IRL,2007,0.51193005,0.3033817
Ireland,IRL,2008,0.53735685,0.29493698
Ireland,IRL,2009,0.576839,0.31021804
Ireland,IRL,2010,0.5769995,0.29824814
Ireland,IRL,2011,0.5688721,0.3046899
Ireland,IRL,2012,0.580957,0.30767938
Ireland,IRL,2013,0.5737425,0.30924585
Ireland,IRL,2014,0.548399,0.296871
Ireland,IRL,2015,0.54440147,0.29827487
Ireland,IRL,2016,0.5420619,0.30896118
Ireland,IRL,2017,0.5348809,0.2940867
Ireland,IRL,2018,0.518692,0.28902718
Ireland,IRL,2019,0.4952369,0.27880543
Ireland,IRL,2020,0.5008603,0.2768475
Ireland,IRL,2021,0.49644932,0.28314173
Ireland,IRL,2022,0.4957506,0.28004068
Ireland,IRL,2023,0.47909996,0.27697954
Israel,ISR,1979,0.4120215,0.30382982
Israel,ISR,1986,0.4532136,0.31001636
Israel,ISR,1992,0.4433338,0.3054617
Israel,ISR,1997,0.47854924,0.33701396
Israel,ISR,2001,0.51455945,0.34999824
Israel,ISR,2002,0.51910394,0.35781595
Israel,ISR,2003,0.50919604,0.36391187
Israel,ISR,2004,0.50199425,0.37158197
Israel,ISR,2005,0.50536704,0.3829477
Israel,ISR,2006,0.49732417,0.37493384
Israel,ISR,2007,0.4897043,0.3690885
Israel,ISR,2008,0.49544078,0.3767519
Israel,ISR,2009,0.4973842,0.38571274
Israel,ISR,2010,0.50000656,0.38360813
Israel,ISR,2011,0.4845381,0.36970815
Israel,ISR,2012,0.47473875,0.37149143
Israel,ISR,2013,0.4604845,0.3589733
Israel,ISR,2014,0.45551145,0.36062256
Israel,ISR,2015,0.45256954,0.35771078
Israel,ISR,2016,0.44471905,0.34642977
Israel,ISR,2017,0.43966457,0.34275985
Israel,ISR,2018,0.44051644,0.3413095
Israel,ISR,2019,0.44493696,0.3409286
Israel,ISR,2020,0.47527567,0.33831868
Israel,ISR,2021,0.47197366,0.34539655
Israel,ISR,2022,0.44427606,0.34127682
Italy,ITA,1977,,0.32132065
Italy,ITA,1978,,0.31875035
Italy,ITA,1979,,0.32271287
Italy,ITA,1980,,0.3106557
Italy,ITA,1981,,0.2956983
Italy,ITA,1982,,0.27996758
Italy,ITA,1983,,0.2892684
Italy,ITA,1984,,0.2956006
Italy,ITA,1986,,0.29503945
Italy,ITA,1987,,0.32949197
Italy,ITA,1989,,0.299442
Italy,ITA,1991,,0.29006463
Italy,ITA,1993,,0.33868977
Italy,ITA,1995,,0.33976644
Italy,ITA,1998,,0.3478742
Italy,ITA,2000,,0.33438876
Italy,ITA,2002,,0.33019575
Italy,ITA,2004,,0.33238843
Italy,ITA,2006,,0.32510105
Italy,ITA,2008,,0.32555798
Italy,ITA,2010,,0.32290587
Italy,ITA,2012,,0.33342636
Italy,ITA,2014,0.54389876,0.3314479
Italy,ITA,2016,0.5544405,0.33910596
Italy,ITA,2020,0.555548,0.33731845
Italy,ITA,2022,0.552055,0.32793295
Japan,JPN,2008,0.42814985,0.32907522
Japan,JPN,2009,0.40802103,0.3074283
Japan,JPN,2010,0.40194127,0.29376802
Japan,JPN,2011,0.4232649,0.30838048
Japan,JPN,2012,0.41424856,0.30353454
Japan,JPN,2013,0.4127834,0.29735535
Japan,JPN,2014,0.40322104,0.29239076
Japan,JPN,2015,0.40725034,0.28820974
Japan,JPN,2016,0.4203412,0.29675844
Japan,JPN,2017,0.42024183,0.2975292
Japan,JPN,2018,0.42599374,0.30653545
Japan,JPN,2019,0.42445067,0.30860424
Japan,JPN,2020,0.42257553,0.30499387
Lithuania,LTU,2009,0.5247114,0.36207387
Lithuania,LTU,2010,0.5297834,0.32665443
Lithuania,LTU,2011,0.5092804,0.32056186
Lithuania,LTU,2012,0.5273884,0.34561834
Lithuania,LTU,2013,0.51001245,0.34953722
Lithuania,LTU,2014,0.53067017,0.37750724
Lithuania,LTU,2015,0.5143301,0.36873192
Lithuania,LTU,2016,0.51399136,0.37473118
Lithuania,LTU,2017,0.5095782,0.37088987
Lithuania,LTU,2018,0.50334144,0.3590521
Lithuania,LTU,2019,0.49553627,0.35433957
Lithuania,LTU,2020,0.5069525,0.35645023
Lithuania,LTU,2021,0.5176928,0.3664567
Lithuania,LTU,2022,0.5156736,0.35986698
Lithuania,LTU,2023,0.5067828,0.35337776
Luxembourg,LUX,1985,,0.23093115
Luxembourg,LUX,1986,,0.24501444
Luxembourg,LUX,1987,,0.26422057
Luxembourg,LUX,1988,,0.25971308
Luxembourg,LUX,1989,,0.27097288
Luxembourg,LUX,1990,,0.24693678
Luxembourg,LUX,1991,,0.23953633
Luxembourg,LUX,1992,,0.24274927
Luxembourg,LUX,1993,,0.2355631
Luxembourg,LUX,1994,,0.25462285
Luxembourg,LUX,1995,,0.25173002
Luxembourg,LUX,1996,,0.2561281
Luxembourg,LUX,1997,,0.2573769
Luxembourg,LUX,1998,,0.2656862
Luxembourg,LUX,1999,,0.26033828
Luxembourg,LUX,2000,,0.25681067
Luxembourg,LUX,2001,,0.2614792
Luxembourg,LUX,2002,0.4527521,0.26916283
Luxembourg,LUX,2003,0.45114702,0.2649018
Luxembourg,LUX,2004,0.45348787,0.26234242
Luxembourg,LUX,2005,0.46184358,0.27787465
Luxembourg,LUX,2006,0.45887688,0.27352047
Luxembourg,LUX,2007,0.4553597,0.27302858
Luxembourg,LUX,2008,0.481445,0.28960344
Luxembourg,LUX,2009,0.4733844,0.28082034
Luxembourg,LUX,2010,0.46205136,0.26834232
Luxembourg,LUX,2011,0.47498047,0.27349594
Luxembourg,LUX,2012,0.49496487,0.29398972
Luxembourg,LUX,2013,0.47714278,0.27938643
Luxembourg,LUX,2014,0.47282776,0.27838168
Luxembourg,LUX,2015,0.45702446,0.2836196
Luxembourg,LUX,2016,0.47046313,0.285944
Luxembourg,LUX,2017,0.48884594,0.29922035
Luxembourg,LUX,2018,0.48525935,0.31149456
Luxembourg,LUX,2019,0.488357,0.30008364
Luxembourg,LUX,2020,,0.2792178
Luxembourg,LUX,2021,0.43451032,0.28827247
Luxembourg,LUX,2022,0.44883028,0.28694016
Luxembourg,LUX,2023,0.46267614,0.2882889
Mali,MLI,2014,,0.34992838
Mali,MLI,2015,,0.3543429
Mali,MLI,2016,,0.38185802
Mali,MLI,2017,,0.3583579
Mali,MLI,2018,,0.35890168
Mali,MLI,2019,,0.38321665
Mali,MLI,2020,,0.37393805
Mali,MLI,2022,,0.362914
Mali,MLI,2023,,0.3422581
Mali,MLI,2024,,0.3712807
Mexico,MEX,1984,,0.43401384
Mexico,MEX,1989,,0.4688161
Mexico,MEX,1992,,0.4988775
Mexico,MEX,1994,,0.50426394
Mexico,MEX,1996,,0.48687047
Mexico,MEX,1998,,0.5050349
Mexico,MEX,2000,,0.4997852
Mexico,MEX,2002,,0.4752875
Mexico,MEX,2004,,0.46980587
Mexico,MEX,2005,,0.4682327
Mexico,MEX,2006,,0.4557713
Mexico,MEX,2008,,0.47604772
Mexico,MEX,2010,,0.4564657
Mexico,MEX,2012,,0.46690995
Mexico,MEX,2014,,0.46124282
Mexico,MEX,2016,,0.4337509
Mexico,MEX,2018,,0.42592764
Mexico,MEX,2020,,0.41842097
Mexico,MEX,2022,,0.39981878
Mexico,MEX,2024,,0.3854512
Netherlands,NLD,1983,0.454306,0.25491008
Netherlands,NLD,1987,0.4437343,0.23647907
Netherlands,NLD,1990,0.4099161,0.27052835
Netherlands,NLD,1993,0.4244135,0.26144096
Netherlands,NLD,1999,0.37368837,0.23152058
Netherlands,NLD,2004,0.46448174,0.26672676
Netherlands,NLD,2005,0.47430706,0.26495796
Netherlands,NLD,2006,0.4791478,0.27689385
Netherlands,NLD,2007,0.41733623,0.27590904
Netherlands,NLD,2008,0.40809035,0.2731281
Netherlands,NLD,2009,0.39832467,0.2584796
Netherlands,NLD,2010,0.40264103,0.2570307
Netherlands,NLD,2011,0.3996586,0.2577901
Netherlands,NLD,2012,0.40145028,0.25557342
Netherlands,NLD,2013,0.41601035,0.26408863
Netherlands,NLD,2014,0.42933196,0.27202547
Netherlands,NLD,2015,0.42349815,0.27239764
Netherlands,NLD,2016,0.4217776,0.27313915
Netherlands,NLD,2017,0.42515838,0.27635178
Netherlands,NLD,2018,0.41811922,0.27065295
Netherlands,NLD,2019,0.42729697,0.28655097
Netherlands,NLD,2020,0.4165527,0.2737362
Netherlands,NLD,2021,0.41309118,0.27017918
Norway,NOR,1979,0.3669157,0.2246683
Norway,NOR,1986,0.35398698,0.23457898
Norway,NOR,1991,0.37529016,0.23280437
Norway,NOR,1995,0.40349445,0.24141155
Norway,NOR,2000,0.41291335,0.2564629
Norway,NOR,2004,0.4515021,0.26072672
Norway,NOR,2007,,0.24623482
Norway,NOR,2010,,0.24662818
Norway,NOR,2013,,0.25160193
Norway,NOR,2016,,0.25985497
Norway,NOR,2019,,0.25948262
Norway,NOR,2020,,0.2624159
Norway,NOR,2021,,0.27833492
Norway,NOR,2022,,0.26019603
Palestine,PSE,2017,,0.42627406
Palestine,PSE,2023,,0.48992229
Panama,PAN,1996,,0.526456
Panama,PAN,1997,,0.5328417
Panama,PAN,1998,,0.517046
Panama,PAN,1999,,0.51019603
Panama,PAN,2000,,0.5246568
Panama,PAN,2001,,0.51892084
Panama,PAN,2002,,0.5203289
Panama,PAN,2003,,0.52217597
Panama,PAN,2004,,0.5097434
Panama,PAN,2005,,0.49939415
Panama,PAN,2006,,0.5076278
Panama,PAN,2007,,0.48547342
Panama,PAN,2008,,0.48058626
Panama,PAN,2009,,0.4742905
Panama,PAN,2010,,0.47578084
Panama,PAN,2011,,0.48175526
Panama,PAN,2012,,0.47368628
Panama,PAN,2013,,0.46576524
Panama,PAN,2014,,0.4529898
Panama,PAN,2015,,0.46264422
Panama,PAN,2016,,0.45763057
Panama,PAN,2017,,0.45181504
Panama,PAN,2018,,0.4466179
Panama,PAN,2019,,0.44995165
Paraguay,PRY,1997,,0.53996956
Paraguay,PRY,1999,,0.5292382
Paraguay,PRY,2000,,0.53903574
Paraguay,PRY,2002,,0.55551255
Paraguay,PRY,2003,,0.53889614
Paraguay,PRY,2004,,0.5099095
Paraguay,PRY,2005,,0.50288457
Paraguay,PRY,2006,,0.5045107
Paraguay,PRY,2007,,0.50404596
Paraguay,PRY,2008,,0.48783886
Paraguay,PRY,2009,,0.48745647
Paraguay,PRY,2010,,0.5016436
Paraguay,PRY,2011,,0.5213585
Paraguay,PRY,2012,,0.470856
Paraguay,PRY,2013,,0.47948733
Paraguay,PRY,2014,,0.5041562
Paraguay,PRY,2015,,0.48429275
Paraguay,PRY,2016,,0.48851454
Paraguay,PRY,2017,,0.4791956
Paraguay,PRY,2018,,0.4600252
Paraguay,PRY,2019,,0.45698804
Paraguay,PRY,2020,,0.44334856
Paraguay,PRY,2021,,0.4308053
Paraguay,PRY,2022,,0.45593417
Paraguay,PRY,2023,,0.44774315
Paraguay,PRY,2024,,0.44903323
Peru,PER,2004,,0.5393397
Peru,PER,2005,,0.5240722
Peru,PER,2006,,0.50967294
Peru,PER,2007,,0.50996464
Peru,PER,2008,,0.49150917
Peru,PER,2009,,0.48554268
Peru,PER,2010,,0.47968337
Peru,PER,2011,,0.46926266
Peru,PER,2012,,0.4659228
Peru,PER,2013,,0.45717004
Peru,PER,2014,,0.44960764
Peru,PER,2015,,0.45121717
Peru,PER,2016,,0.45323554
Peru,PER,2017,,0.44425985
Peru,PER,2018,,0.44338766
Peru,PER,2019,,0.43554568
Peru,PER,2021,,0.43574867
Philippines,PHL,1985,,0.42425463
Philippines,PHL,1988,,0.430431
Philippines,PHL,1991,,0.44779268
Philippines,PHL,1994,,0.43478698
Philippines,PHL,1997,,0.4705092
Philippines,PHL,2000,,0.46809468
Philippines,PHL,2003,,0.44883823
Philippines,PHL,2006,,0.45313123
Philippines,PHL,2009,,0.433739
Philippines,PHL,2012,,0.43692502
Philippines,PHL,2015,,0.4178875
Philippines,PHL,2018,,0.39008787
Philippines,PHL,2021,,0.38517004
Philippines,PHL,2023,,0.36738664
Poland,POL,1986,,0.27090138
Poland,POL,1992,,0.262163
Poland,POL,1995,,0.31978765
Poland,POL,1999,,0.2869532
Poland,POL,2004,,0.31563735
Poland,POL,2005,,0.31327838
Poland,POL,2006,,0.30914968
Poland,POL,2007,,0.31108883
Poland,POL,2008,,0.30991018
Poland,POL,2009,,0.31013054
Poland,POL,2010,,0.31048754
Poland,POL,2011,,0.31241378
Poland,POL,2012,,0.31438345
Poland,POL,2013,,0.31472918
Poland,POL,2014,,0.30953592
Poland,POL,2015,,0.3029742
Poland,POL,2016,,0.28619927
Poland,POL,2017,,0.28303257
Poland,POL,2018,,0.28684646
Poland,POL,2019,,0.28547302
Poland,POL,2020,,0.28895476
Poland,POL,2021,,0.2980974
Poland,POL,2022,,0.29796425
Poland,POL,2023,,0.28946686
Romania,ROU,1995,,0.27968886
Romania,ROU,1997,,0.27962038
Romania,ROU,2006,,0.33950725
Romania,ROU,2007,,0.31660315
Romania,ROU,2008,,0.3074745
Romania,ROU,2009,,0.301921
Romania,ROU,2010,,0.3045048
Romania,ROU,2011,,0.30928892
Romania,ROU,2012,,0.3066261
Romania,ROU,2013,,0.30971065
Romania,ROU,2014,,0.31479982
Romania,ROU,2015,,0.31293935
Romania,ROU,2016,,0.30471107
Romania,ROU,2017,,0.32618678
Romania,ROU,2018,,0.32523254
Romania,ROU,2019,0.47775376,0.31296554
Romania,ROU,2020,0.4838168,0.31951633
Romania,ROU,2021,0.4626817,0.29455674
Russia,RUS,2000,,0.42660317
Russia,RUS,2004,,0.39028347
Russia,RUS,2007,,0.3483592
Russia,RUS,2010,,0.34228405
Russia,RUS,2011,,0.364214
Russia,RUS,2013,,0.35056147
Russia,RUS,2014,,0.3395429
Russia,RUS,2015,,0.33085892
Russia,RUS,2016,,0.33151236
Russia,RUS,2017,,0.31800753
Russia,RUS,2018,,0.32069284
Russia,RUS,2019,,0.32281137
Russia,RUS,2020,,0.30217493
Russia,RUS,2021,,0.31263915
Russia,RUS,2022,,0.29983604
Serbia,SRB,2006,,0.3425463
Serbia,SRB,2007,,0.34871376
Serbia,SRB,2008,,0.3314156
Serbia,SRB,2009,,0.3278996
Serbia,SRB,2010,,0.32657498
Serbia,SRB,2011,,0.32267806
Serbia,SRB,2012,,0.33040762
Serbia,SRB,2013,,0.34389514
Serbia,SRB,2014,,0.34331933
Serbia,SRB,2015,,0.3304265
Serbia,SRB,2016,,0.32721502
Serbia,SRB,2017,,0.30932587
Serbia,SRB,2018,,0.33360356
Serbia,SRB,2019,,0.29966992
Serbia,SRB,2021,,0.31687158
Serbia,SRB,2022,,0.31138867
Slovakia,SVK,1992,,0.1891819
Slovakia,SVK,1996,,0.2496516
Slovakia,SVK,2004,0.45313588,0.2691806
Slovakia,SVK,2007,0.4138088,0.24771877
Slovakia,SVK,2010,0.4304867,0.26373142
Slovakia,SVK,2013,0.42868412,0.27143827
Slovakia,SVK,2014,0.39586142,0.24618286
Slovakia,SVK,2015,0.40060666,0.2498272
Slovakia,SVK,2016,0.3929056,0.23303467
Slovakia,SVK,2017,0.3777204,0.21906413
Slovakia,SVK,2018,0.3870252,0.23615749
Slovenia,SVN,1997,,0.2293041
Slovenia,SVN,1999,,0.23193
Slovenia,SVN,2004,,0.23122725
Slovenia,SVN,2007,,0.23009397
Slovenia,SVN,2010,,0.2525413
Slovenia,SVN,2012,,0.27106062
Slovenia,SVN,2015,,0.26277703
South Africa,ZAF,2008,0.7543685,0.6575418
South Africa,ZAF,2010,0.7544324,0.66436356
South Africa,ZAF,2012,0.72290075,0.6210451
South Africa,ZAF,2015,0.71704984,0.62339765
South Africa,ZAF,2017,0.70608777,0.6163062
South Korea,KOR,2006,,0.30560362
South Korea,KOR,2008,,0.3137564
South Korea,KOR,2010,,0.30975696
South Korea,KOR,2012,,0.30669457
South Korea,KOR,2014,,0.3020903
South Korea,KOR,2016,,0.35354686
South Korea,KOR,2017,,0.35204557
South Korea,KOR,2018,,0.3424787
South Korea,KOR,2019,,0.33734107
South Korea,KOR,2020,,0.33040887
South Korea,KOR,2021,,0.33151197
Spain,ESP,1980,,0.31919247
Spain,ESP,1985,,0.3149134
Spain,ESP,1990,,0.3021747
Spain,ESP,1993,,0.3416185
Spain,ESP,1994,,0.3391051
Spain,ESP,1995,,0.3428171
Spain,ESP,1996,,0.35582945
Spain,ESP,1997,,0.3432479
Spain,ESP,1998,,0.33488137
Spain,ESP,1999,,0.33388713
Spain,ESP,2000,,0.34224638
Spain,ESP,2004,0.4715993,0.3305066
Spain,ESP,2005,0.4668395,0.32598057
Spain,ESP,2006,0.45644468,0.3178737
Spain,ESP,2007,0.45051268,0.32266724
Spain,ESP,2008,0.46452618,0.32614118
Spain,ESP,2009,0.48698026,0.33184677
Spain,ESP,2010,0.50672036,0.33924398
Spain,ESP,2011,0.50589967,0.33972484
Spain,ESP,2012,0.50981784,0.3343094
Spain,ESP,2013,0.52392113,0.34514323
Spain,ESP,2014,0.525272,0.34371302
Spain,ESP,2015,0.52543783,0.3445405
Spain,ESP,2016,0.51800495,0.3408361
Spain,ESP,2017,0.5084732,0.33234152
Spain,ESP,2018,0.5080884,0.3296496
Spain,ESP,2019,0.49140063,0.31907406
Spain,ESP,2020,0.51658463,0.32813406
Spain,ESP,2021,0.49750695,0.31806812
Spain,ESP,2022,0.48126438,0.31400502
Sweden,SWE,1975,,0.21635805
Sweden,SWE,1981,,0.19818166
Sweden,SWE,1984,,0.20956199
Sweden,SWE,1985,,0.21166112
Sweden,SWE,1986,,0.21674761
Sweden,SWE,1987,,0.20889534
Sweden,SWE,1988,0.42704275,0.20977078
Sweden,SWE,1989,0.42532507,0.21002048
Sweden,SWE,1990,0.42611244,0.21436952
Sweden,SWE,1991,0.41532385,0.21691406
Sweden,SWE,1992,0.44993654,0.2323768
Sweden,SWE,1993,0.47571418,0.23923303
Sweden,SWE,1994,0.47803184,0.2442786
Sweden,SWE,1995,0.4510185,0.2199321
Sweden,SWE,1996,0.45616296,0.22305644
Sweden,SWE,1997,0.45536357,0.2289991
Sweden,SWE,1998,0.45622736,0.23434855
Sweden,SWE,1999,0.44780573,0.23568925
Sweden,SWE,2000,0.46270752,0.25132516
Sweden,SWE,2001,0.44686404,0.24869427
Sweden,SWE,2002,0.44841897,0.24468844
Sweden,SWE,2003,0.4381848,0.23958302
Sweden,SWE,2004,0.44183806,0.23928319
Sweden,SWE,2005,0.44357437,0.24303287
Sweden,SWE,2006,0.446411,0.253472
Sweden,SWE,2007,0.44204205,0.26092067
Sweden,SWE,2008,0.42853174,0.2602876
Sweden,SWE,2009,0.44479126,0.27037293
Sweden,SWE,2010,0.4413194,0.2691703
Sweden,SWE,2011,0.43687716,0.27514228
Sweden,SWE,2012,0.4364711,0.2730206
Sweden,SWE,2013,0.44987798,0.28189194
Sweden,SWE,2014,0.45058584,0.27914968
Sweden,SWE,2015,0.46279925,0.28979892
Sweden,SWE,2016,0.46378708,0.28603202
Sweden,SWE,2017,0.45373037,0.29053763
Sweden,SWE,2018,0.450615,0.2844512
Sweden,SWE,2019,0.45192736,0.2857313
Sweden,SWE,2020,0.44932777,0.2787239
Sweden,SWE,2021,0.45801723,0.28527597
Sweden,SWE,2022,0.4938857,0.29116464
Sweden,SWE,2023,0.46208408,0.27564472
Switzerland,CHE,1982,0.3994261,0.31552503
Switzerland,CHE,1992,0.3885848,0.30964437
Switzerland,CHE,2000,0.3375496,0.27700317
Switzerland,CHE,2001,0.32982233,0.2588772
Switzerland,CHE,2002,0.3432681,0.272514
Switzerland,CHE,2003,0.33340374,0.26129985
Switzerland,CHE,2004,0.3450274,0.26704702
Switzerland,CHE,2005,0.3450449,0.27092445
Switzerland,CHE,2006,0.36400244,0.29987526
Switzerland,CHE,2007,0.3734909,0.30826408
Switzerland,CHE,2008,0.37315044,0.30644408
Switzerland,CHE,2009,0.3694034,0.2971888
Switzerland,CHE,2010,0.37421152,0.29693872
Switzerland,CHE,2011,0.36620244,0.28883967
Switzerland,CHE,2012,0.36748245,0.28570703
Switzerland,CHE,2013,0.38565204,0.29604387
Switzerland,CHE,2014,0.38220084,0.2987239
Switzerland,CHE,2015,0.38696316,0.29684037
Switzerland,CHE,2016,0.3922634,0.30090523
Switzerland,CHE,2017,0.3851064,0.3011786
Switzerland,CHE,2018,0.39314327,0.30138144
Switzerland,CHE,2019,0.40094835,0.3098222
Switzerland,CHE,2020,0.4087734,0.31492022
Switzerland,CHE,2021,0.39921257,0.30686674
Switzerland,CHE,2022,0.4011288,0.31466708
Taiwan,TWN,1981,0.27207813,0.2671349
Taiwan,TWN,1986,0.2749942,0.26834536
Taiwan,TWN,1991,0.28088734,0.27133787
Taiwan,TWN,1995,0.31128484,0.2915574
Taiwan,TWN,1997,0.29694372,0.28737
Taiwan,TWN,2000,0.3023715,0.28917408
Taiwan,TWN,2005,0.32418624,0.30538708
Taiwan,TWN,2007,0.3240779,0.30698597
Taiwan,TWN,2010,0.32648477,0.31700373
Taiwan,TWN,2013,0.3272933,0.307891
Taiwan,TWN,2016,0.3306467,0.30291343
Taiwan,TWN,2017,0.3355412,0.30732438
Taiwan,TWN,2018,0.33572802,0.30747366
Taiwan,TWN,2019,0.33457756,0.3051563
Taiwan,TWN,2020,0.34175658,0.3042412
Taiwan,TWN,2021,0.34916452,0.307884
United Kingdom,GBR,1968,0.33250535,0.245069
United Kingdom,GBR,1969,0.34431294,0.2522165
United Kingdom,GBR,1970,0.34276187,0.25373897
United Kingdom,GBR,1971,0.35720274,0.26422504
United Kingdom,GBR,1972,0.34911573,0.2577271
United Kingdom,GBR,1973,0.35649133,0.25967482
United Kingdom,GBR,1974,0.36030877,0.26053149
United Kingdom,GBR,1975,0.35774085,0.24866052
United Kingdom,GBR,1976,0.36991134,0.24881549
United Kingdom,GBR,1977,0.3675934,0.24501923
United Kingdom,GBR,1978,0.37604496,0.25032046
United Kingdom,GBR,1979,0.37509492,0.25200075
United Kingdom,GBR,1980,0.3868001,0.26164436
United Kingdom,GBR,1981,0.40940133,0.2687256
United Kingdom,GBR,1982,0.43122274,0.27293956
United Kingdom,GBR,1983,0.43122277,0.27174774
United Kingdom,GBR,1984,0.43166098,0.26984078
United Kingdom,GBR,1985,0.44436246,0.2849631
United Kingdom,GBR,1986,0.45490462,0.29796383
United Kingdom,GBR,1987,0.46944848,0.31432652
United Kingdom,GBR,1988,0.45871565,0.32324988
United Kingdom,GBR,1989,0.44791138,0.31523773
United Kingdom,GBR,1990,0.46384314,0.33337924
United Kingdom,GBR,1991,0.46670413,0.32868013
United Kingdom,GBR,1992,0.47936657,0.3248537
United Kingdom,GBR,1993,0.48990658,0.3273075
United Kingdom,GBR,1994,0.5086282,0.34053546
United Kingdom,GBR,1995,0.51144147,0.33726245
United Kingdom,GBR,1996,0.5029139,0.333864
United Kingdom,GBR,1997,0.4954524,0.3366665
United Kingdom,GBR,1998,0.5049221,0.34445864
United Kingdom,GBR,1999,0.5069717,0.3475928
United Kingdom,GBR,2000,0.52119267,0.36184162
United Kingdom,GBR,2001,0.50939643,0.3512679
United Kingdom,GBR,2002,0.49348804,0.33324042
United Kingdom,GBR,2003,0.49531564,0.3284712
United Kingdom,GBR,2004,0.49425146,0.32680508
United Kingdom,GBR,2005,0.5011572,0.33409485
United Kingdom,GBR,2006,0.501771,0.33877936
United Kingdom,GBR,2007,0.4886083,0.32669318
United Kingdom,GBR,2008,0.49693608,0.33026105
United Kingdom,GBR,2009,0.5087191,0.3313549
United Kingdom,GBR,2010,0.5008193,0.31888774
United Kingdom,GBR,2011,0.4909508,0.31284794
United Kingdom,GBR,2012,0.49883834,0.31208757
United Kingdom,GBR,2013,0.4842713,0.3034765
United Kingdom,GBR,2014,0.48606306,0.31314176
United Kingdom,GBR,2015,0.48872173,0.31452587
United Kingdom,GBR,2016,0.48181283,0.3111104
United Kingdom,GBR,2017,0.47504583,0.3100733
United Kingdom,GBR,2018,0.4786312,0.31662646
United Kingdom,GBR,2019,0.46948132,0.3111235
United Kingdom,GBR,2020,0.47436202,0.30437607
United Kingdom,GBR,2021,0.4794538,0.30238733
United States,USA,1963,,0.32924846
United States,USA,1964,,0.3339265
United States,USA,1965,,0.33052742
United States,USA,1966,,0.32751852
United States,USA,1967,,0.3250547
United States,USA,1968,,0.31833425
United States,USA,1969,,0.31621566
United States,USA,1970,0.39879784,0.32378906
United States,USA,1971,,0.32853422
United States,USA,1972,0.41001284,0.32771203
United States,USA,1973,0.40768868,0.32229897
United States,USA,1974,0.40860152,0.31783098
United States,USA,1975,0.4215754,0.31869796
United States,USA,1976,0.4187797,0.31822723
United States,USA,1977,0.42195877,0.31610453
United States,USA,1978,0.4172576,0.31028518
United States,USA,1979,0.41891742,0.31260028
United States,USA,1980,0.42364198,0.3104688
United States,USA,1981,0.4293349,0.3163838
United States,USA,1982,0.44172585,0.32946143
United States,USA,1983,0.44557524,0.33662972
United States,USA,1984,0.4400621,0.33788282
United States,USA,1985,0.44487703,0.3413163
United States,USA,1986,0.4474186,0.34216058
United States,USA,1987,0.44914526,0.3392513
United States,USA,1988,0.4506911,0.3435406
United States,USA,1989,0.45399272,0.34728727
United States,USA,1990,0.45250615,0.34522954
United States,USA,1991,0.45630428,0.34478763
United States,USA,1992,0.46389338,0.3506084
United States,USA,1993,0.48894906,0.37294948
United States,USA,1994,0.48652685,0.36903572
United States,USA,1995,0.48193106,0.36518994
United States,USA,1996,0.48336154,0.36802804
United States,USA,1997,0.4856412,0.37219736
United States,USA,1998,0.47981346,0.36676338
United States,USA,1999,0.48010984,0.36680663
United States,USA,2000,0.48025402,0.3696743
United States,USA,2001,0.4855316,0.37439248
United States,USA,2002,0.48388666,0.37321174
United States,USA,2003,0.48739174,0.37942544
United States,USA,2004,0.48823562,0.37651882
United States,USA,2005,0.4912216,0.38585797
United States,USA,2006,0.4912153,0.39173996
United States,USA,2007,0.4829857,0.38280368
United States,USA,2008,0.49221516,0.38271618
United States,USA,2009,0.5043523,0.37747183
United States,USA,2010,0.5047029,0.37146288
United States,USA,2011,0.5134166,0.38248253
United States,USA,2012,0.51181024,0.38296717
United States,USA,2013,0.50812256,0.38090244
United States,USA,2014,0.50846124,0.38631243
United States,USA,2015,0.50688636,0.38335663
United States,USA,2016,0.50726646,0.38464108
United States,USA,2017,0.50598377,0.38537842
United States,USA,2018,0.50643814,0.391108
United States,USA,2019,0.50523,0.39387378
United States,USA,2020,0.52127016,0.3757584
United States,USA,2021,0.517093,0.37110254
United States,USA,2022,0.5124353,0.39340857
United States,USA,2023,0.50657976,0.39237365
United States,USA,2024,0.5087179,0.3943369
Uruguay,URY,2004,,0.43526477
Uruguay,URY,2005,,0.42396876
Uruguay,URY,2006,,0.43094903
Uruguay,URY,2007,,0.43014863
Uruguay,URY,2008,,0.4282112
Uruguay,URY,2009,,0.42094293
Uruguay,URY,2010,,0.40752813
Uruguay,URY,2011,,0.38449916
Uruguay,URY,2012,,0.35825425
Uruguay,URY,2013,,0.3740827
Uruguay,URY,2014,,0.36794004
Uruguay,URY,2015,,0.36934802
Uruguay,URY,2016,,0.36531377
Uruguay,URY,2017,,0.36626744
Uruguay,URY,2018,,0.36725757
Uruguay,URY,2019,,0.3676208
Uruguay,URY,2022,,0.38382712
Uruguay,URY,2023,,0.38687325
Uruguay,URY,2024,,0.38384587
Vietnam,VNM,2005,,0.36877596
Vietnam,VNM,2007,,0.4013503
Vietnam,VNM,2009,,0.3982665
Vietnam,VNM,2011,,0.36417925
Vietnam,VNM,2013,,0.34980837
