Entity,Code,Year,Percentage reduction in Gini coefficient
Australia,AUS,2012,29.620033
Australia,AUS,2014,30.227741
Australia,AUS,2016,29.637524
Australia,AUS,2018,28.4141
Australia,AUS,2020,27.664398
Austria,AUT,2007,41.43009
Austria,AUT,2008,42.60178
Austria,AUT,2009,42.667164
Austria,AUT,2010,43.565876
Austria,AUT,2011,43.113064
Austria,AUT,2012,44.049446
Austria,AUT,2013,43.391453
Austria,AUT,2014,44.209824
Austria,AUT,2015,44.249428
Austria,AUT,2016,43.217854
Austria,AUT,2017,43.314754
Austria,AUT,2018,43.283096
Austria,AUT,2019,43.725742
Austria,AUT,2020,44.89239
Austria,AUT,2021,43.048923
Austria,AUT,2022,41.81135
Austria,AUT,2023,41.368305
Belgium,BEL,2018,47.295563
Belgium,BEL,2019,46.4158
Belgium,BEL,2020,49.444286
Belgium,BEL,2021,47.020767
Belgium,BEL,2022,47.968258
Belgium,BEL,2023,47.710392
Brazil,BRA,2016,11.190414
Brazil,BRA,2017,10.9648485
Brazil,BRA,2018,10.982032
Brazil,BRA,2019,10.970798
Brazil,BRA,2020,18.725193
Brazil,BRA,2021,13.7856455
Brazil,BRA,2022,13.769303
Bulgaria,BGR,2006,27.012768
Bulgaria,BGR,2007,25.200733
Bulgaria,BGR,2008,26.708254
Bulgaria,BGR,2009,27.177101
Bulgaria,BGR,2010,26.727507
Bulgaria,BGR,2011,26.50206
Bulgaria,BGR,2012,24.155205
Bulgaria,BGR,2013,27.295288
Bulgaria,BGR,2014,25.086075
Bulgaria,BGR,2015,27.53638
Bulgaria,BGR,2016,24.121834
Bulgaria,BGR,2017,25.263348
Bulgaria,BGR,2018,22.718508
Bulgaria,BGR,2019,23.218294
Bulgaria,BGR,2020,24.199945
Bulgaria,BGR,2021,25.173834
Bulgaria,BGR,2022,27.366936
Bulgaria,BGR,2023,26.000977
Canada,CAN,1976,20.887726
Canada,CAN,1977,21.46739
Canada,CAN,1978,21.390377
Canada,CAN,1979,20.604393
Canada,CAN,1980,21.680214
Canada,CAN,1981,21.739134
Canada,CAN,1982,24.547804
Canada,CAN,1983,25.373135
Canada,CAN,1984,25.935163
Canada,CAN,1985,25.38071
Canada,CAN,1986,25.634512
Canada,CAN,1987,25.765303
Canada,CAN,1988,26.666658
Canada,CAN,1989,26.614985
Canada,CAN,1990,28.109451
Canada,CAN,1991,29.69121
Canada,CAN,1992,30.841122
Canada,CAN,1993,32.25808
Canada,CAN,1994,32.404762
Canada,CAN,1995,31.563013
Canada,CAN,1996,31.121284
Canada,CAN,1997,30.434788
Canada,CAN,1998,30.18018
Canada,CAN,1999,29.357798
Canada,CAN,2000,27.91762
Canada,CAN,2001,27.790434
Canada,CAN,2002,27.62557
Canada,CAN,2003,27.752293
Canada,CAN,2004,27.045452
Canada,CAN,2005,27.251732
Canada,CAN,2006,26.682129
Canada,CAN,2007,26.620373
Canada,CAN,2008,26.573425
Canada,CAN,2009,27.52293
Canada,CAN,2010,28.181816
Canada,CAN,2011,27.546299
Canada,CAN,2012,26.450115
Canada,CAN,2013,26.497692
Canada,CAN,2014,26.588238
Canada,CAN,2015,26.728111
Canada,CAN,2016,28.438225
Canada,CAN,2017,29.061785
Canada,CAN,2018,28.971964
Canada,CAN,2019,28.571424
Canada,CAN,2020,36.07306
Canada,CAN,2021,33.027523
Canada,CAN,2022,29.742384
Canada,CAN,2023,29.330254
Chile,CHL,2009,6.432753
Chile,CHL,2011,6.175297
Chile,CHL,2013,6.626505
Chile,CHL,2015,6.5843635
Chile,CHL,2017,7.070706
Chile,CHL,2020,8.067532
Chile,CHL,2022,8.684091
China,CHN,2011,6.2212048
Costa Rica,CRI,2010,6.5234175
Costa Rica,CRI,2011,6.7678227
Costa Rica,CRI,2012,6.6953287
Costa Rica,CRI,2013,6.80326
Costa Rica,CRI,2014,7.170683
Costa Rica,CRI,2015,8.318241
Costa Rica,CRI,2016,9.228323
Costa Rica,CRI,2017,9.372127
Costa Rica,CRI,2018,9.797126
Costa Rica,CRI,2019,10.16226
Costa Rica,CRI,2020,13.701734
Costa Rica,CRI,2021,11.543933
Costa Rica,CRI,2022,11.605648
Costa Rica,CRI,2023,12.060603
Costa Rica,CRI,2024,12.564923
Croatia,HRV,2009,36.034126
Croatia,HRV,2010,37.857533
Croatia,HRV,2011,38.194122
Croatia,HRV,2012,38.17156
Croatia,HRV,2013,38.749207
Croatia,HRV,2014,39.061363
Croatia,HRV,2015,39.07184
Croatia,HRV,2016,38.003265
Croatia,HRV,2017,37.34097
Croatia,HRV,2018,37.152245
Croatia,HRV,2019,36.44142
Croatia,HRV,2020,37.02478
Croatia,HRV,2021,36.803444
Croatia,HRV,2022,35.135765
Croatia,HRV,2023,33.094387
Czechia,CZE,2004,42.791805
Czechia,CZE,2005,43.502415
Czechia,CZE,2006,43.374176
Czechia,CZE,2007,43.055275
Czechia,CZE,2008,41.612038
Czechia,CZE,2009,42.219265
Czechia,CZE,2010,42.19422
Czechia,CZE,2011,43.501587
Czechia,CZE,2012,43.891426
Czechia,CZE,2013,43.763985
Czechia,CZE,2014,44.108128
Czechia,CZE,2015,43.927704
Czechia,CZE,2016,43.471725
Czechia,CZE,2017,42.79329
Czechia,CZE,2018,42.353622
Czechia,CZE,2019,42.484535
Czechia,CZE,2020,43.19594
Czechia,CZE,2021,41.759377
Czechia,CZE,2022,42.462498
Czechia,CZE,2023,43.472324
Denmark,DNK,2011,42.201202
Denmark,DNK,2012,42.948868
Denmark,DNK,2013,42.556564
Denmark,DNK,2014,42.31982
Denmark,DNK,2015,41.644505
Denmark,DNK,2016,41.593914
Denmark,DNK,2017,40.860214
Denmark,DNK,2018,40.51977
Denmark,DNK,2019,39.752533
Denmark,DNK,2020,39.73584
Denmark,DNK,2021,38.49448
Denmark,DNK,2022,37.466064
Estonia,EST,2013,29.960554
Estonia,EST,2014,29.081821
Estonia,EST,2015,29.688686
Estonia,EST,2016,30.908775
Estonia,EST,2017,30.608717
Estonia,EST,2018,30.7031
Estonia,EST,2019,34.570007
Estonia,EST,2020,34.97071
Estonia,EST,2021,30.834316
Estonia,EST,2022,31.577066
Estonia,EST,2023,33.50899
Finland,FIN,1987,46.984325
Finland,FIN,1988,46.79681
Finland,FIN,1989,46.80589
Finland,FIN,1990,46.757828
Finland,FIN,1991,48.65857
Finland,FIN,1992,52.53157
Finland,FIN,1993,54.85807
Finland,FIN,1994,55.694
Finland,FIN,1995,54.43985
Finland,FIN,1996,53.720028
Finland,FIN,1997,51.729385
Finland,FIN,1998,49.67384
Finland,FIN,1999,48.114605
Finland,FIN,2000,46.815098
Finland,FIN,2001,45.936142
Finland,FIN,2002,46.22256
Finland,FIN,2003,45.526203
Finland,FIN,2004,44.71403
Finland,FIN,2005,45.14067
Finland,FIN,2006,45.14169
Finland,FIN,2007,43.51695
Finland,FIN,2008,43.942898
Finland,FIN,2009,45.97494
Finland,FIN,2010,45.821854
Finland,FIN,2011,45.588024
Finland,FIN,2012,46.808796
Finland,FIN,2013,47.179104
Finland,FIN,2014,48.052082
Finland,FIN,2015,48.683586
Finland,FIN,2016,48.88902
Finland,FIN,2017,47.996723
Finland,FIN,2018,47.14451
Finland,FIN,2019,46.744858
Finland,FIN,2020,48.64341
Finland,FIN,2021,47.194004
Finland,FIN,2022,46.544987
Finland,FIN,2023,47.15128
France,FRA,2020,46.019417
France,FRA,2021,43.34601
France,FRA,2022,43.32061
France,FRA,2023,42.166348
Germany,DEU,2008,42.391506
Germany,DEU,2011,42.492332
Germany,DEU,2012,42.343777
Germany,DEU,2013,42.493553
Germany,DEU,2014,42.248447
Germany,DEU,2015,41.824753
Germany,DEU,2016,41.687138
Germany,DEU,2017,42.121693
Germany,DEU,2018,41.482456
Germany,DEU,2019,40.405228
Germany,DEU,2020,38.96062
Germany,DEU,2021,37.91048
Germany,DEU,2022,38.747005
Greece,GRC,2003,28.50524
Greece,GRC,2006,32.965946
Greece,GRC,2007,34.15077
Greece,GRC,2008,34.39721
Greece,GRC,2009,34.44934
Greece,GRC,2010,35.710323
Greece,GRC,2011,39.27316
Greece,GRC,2012,40.091003
Greece,GRC,2013,37.21999
Greece,GRC,2014,37.41397
Greece,GRC,2015,37.782394
Greece,GRC,2016,37.773766
Greece,GRC,2017,39.533104
Greece,GRC,2018,40.921753
Greece,GRC,2019,40.124535
Greece,GRC,2020,37.77008
Greece,GRC,2021,37.85076
Greece,GRC,2022,38.535587
Greece,GRC,2023,36.89469
Hungary,HUN,2004,48.587215
Hungary,HUN,2005,39.66369
Hungary,HUN,2006,48.056664
Hungary,HUN,2007,49.84253
Hungary,HUN,2008,50.89938
Hungary,HUN,2009,51.780655
Hungary,HUN,2010,47.44273
Hungary,HUN,2011,46.913025
Hungary,HUN,2012,44.962868
Hungary,HUN,2013,45.10457
Hungary,HUN,2014,42.88686
Hungary,HUN,2015,42.58469
Hungary,HUN,2016,41.77077
Hungary,HUN,2017,39.532627
Hungary,HUN,2018,39.66672
Hungary,HUN,2019,38.07484
Hungary,HUN,2020,36.723763
Hungary,HUN,2021,37.36876
Hungary,HUN,2022,29.395489
Iceland,ISL,2003,30.880394
Iceland,ISL,2004,29.563108
Iceland,ISL,2005,27.641571
Iceland,ISL,2006,25.320295
Iceland,ISL,2007,24.755955
Iceland,ISL,2008,21.087194
Iceland,ISL,2009,30.361822
Iceland,ISL,2010,37.641033
Iceland,ISL,2011,37.68758
Iceland,ISL,2012,36.350048
Iceland,ISL,2013,37.270687
Iceland,ISL,2014,34.82011
Iceland,ISL,2015,33.34948
Iceland,ISL,2016,30.71132
Iceland,ISL,2017,32.357365
Iceland,ISL,2018,37.191166
Iceland,ISL,2019,35.709225
India,IND,2004,1.5710611
India,IND,2011,2.671639
Ireland,IRL,2003,35.209473
Ireland,IRL,2004,36.627525
Ireland,IRL,2005,36.615665
Ireland,IRL,2006,38.056316
Ireland,IRL,2007,40.782894
Ireland,IRL,2008,45.0875
Ireland,IRL,2009,46.101257
Ireland,IRL,2010,48.344383
Ireland,IRL,2011,45.934208
Ireland,IRL,2012,46.58539
Ireland,IRL,2013,46.021065
Ireland,IRL,2014,45.910236
Ireland,IRL,2015,45.19726
Ireland,IRL,2016,43.081146
Ireland,IRL,2017,44.936462
Ireland,IRL,2018,42.364143
Ireland,IRL,2019,42.564552
Ireland,IRL,2020,44.47902
Ireland,IRL,2021,42.459152
Ireland,IRL,2022,42.24093
Ireland,IRL,2023,41.18701
Israel,ISR,2011,24.97318
Israel,ISR,2012,22.838686
Israel,ISR,2013,20.55912
Israel,ISR,2014,19.88659
Israel,ISR,2015,20.039135
Israel,ISR,2016,21.272676
Israel,ISR,2017,21.292776
Israel,ISR,2018,21.580688
Israel,ISR,2019,23.74343
Israel,ISR,2020,28.259584
Israel,ISR,2021,26.515102
Israel,ISR,2022,23.191198
Italy,ITA,2003,28.952444
Italy,ITA,2006,34.615513
Italy,ITA,2007,35.672512
Italy,ITA,2008,35.250042
Italy,ITA,2009,36.205902
Italy,ITA,2010,36.064674
Italy,ITA,2011,35.68396
Italy,ITA,2012,35.721813
Italy,ITA,2013,36.66532
Italy,ITA,2014,36.22376
Italy,ITA,2015,36.457943
Italy,ITA,2016,36.605312
Italy,ITA,2017,35.191402
Italy,ITA,2018,35.503662
Italy,ITA,2019,35.722218
Italy,ITA,2020,37.292976
Italy,ITA,2021,37.155624
Italy,ITA,2022,37.118984
Italy,ITA,2023,36.166565
Japan,JPN,2018,33.333336
Japan,JPN,2021,34.11306
Latvia,LVA,2006,23.585999
Latvia,LVA,2007,20.225521
Latvia,LVA,2008,22.101727
Latvia,LVA,2009,29.565603
Latvia,LVA,2010,32.969486
Latvia,LVA,2011,31.364609
Latvia,LVA,2012,30.992332
Latvia,LVA,2013,29.266209
Latvia,LVA,2014,27.828115
Latvia,LVA,2015,27.173836
Latvia,LVA,2016,26.813803
Latvia,LVA,2017,26.234194
Latvia,LVA,2018,26.673162
Latvia,LVA,2019,26.960188
Latvia,LVA,2020,26.55478
Latvia,LVA,2021,27.531836
Latvia,LVA,2022,28.122286
Latvia,LVA,2023,28.078783
Lithuania,LTU,2004,31.197754
Lithuania,LTU,2005,30.525333
Lithuania,LTU,2006,29.589245
Lithuania,LTU,2007,28.20584
Lithuania,LTU,2008,28.818459
Lithuania,LTU,2009,31.214342
Lithuania,LTU,2010,37.892105
Lithuania,LTU,2011,36.742085
Lithuania,LTU,2012,33.94197
Lithuania,LTU,2013,31.175285
Lithuania,LTU,2014,28.429205
Lithuania,LTU,2015,27.739542
Lithuania,LTU,2016,26.508379
Lithuania,LTU,2017,26.680956
Lithuania,LTU,2018,28.12337
Lithuania,LTU,2019,27.896488
Lithuania,LTU,2020,29.206234
Lithuania,LTU,2021,28.751024
Lithuania,LTU,2022,29.71894
Lithuania,LTU,2023,29.68922
Luxembourg,LUX,2015,37.34737
Luxembourg,LUX,2016,39.289757
Luxembourg,LUX,2017,38.162792
Luxembourg,LUX,2018,35.107086
Luxembourg,LUX,2019,37.781635
Luxembourg,LUX,2020,34.51957
Luxembourg,LUX,2021,34.70821
Luxembourg,LUX,2022,33.973152
Luxembourg,LUX,2023,35.719585
Mexico,MEX,2012,3.2592084
Mexico,MEX,2014,3.9440465
Mexico,MEX,2016,3.305418
Mexico,MEX,2018,2.847955
Mexico,MEX,2020,3.3060257
Mexico,MEX,2022,3.773286
Netherlands,NLD,2011,31.627909
Netherlands,NLD,2012,32.33256
Netherlands,NLD,2013,34.624146
Netherlands,NLD,2014,33.406113
Netherlands,NLD,2015,33.406113
Netherlands,NLD,2016,34.675617
Netherlands,NLD,2017,34.216335
Netherlands,NLD,2018,33.707867
Netherlands,NLD,2019,31.72866
Netherlands,NLD,2020,33.856506
Netherlands,NLD,2021,33.707867
Netherlands,NLD,2022,33.78685
Netherlands,NLD,2023,34.162895
New Zealand,NZL,2018,27.152317
New Zealand,NZL,2019,28.035322
New Zealand,NZL,2020,29.801327
New Zealand,NZL,2021,30.344826
New Zealand,NZL,2022,28.665205
Norway,NOR,2004,34.66911
Norway,NOR,2008,37.644974
Norway,NOR,2009,38.92768
Norway,NOR,2010,39.151085
Norway,NOR,2011,39.001026
Norway,NOR,2012,38.384212
Norway,NOR,2013,38.88983
Norway,NOR,2014,38.221157
Norway,NOR,2015,37.115242
Norway,NOR,2016,38.711937
Norway,NOR,2017,39.00084
Norway,NOR,2018,38.90909
Norway,NOR,2019,38.812645
Norway,NOR,2020,39.678894
Norway,NOR,2021,37.83012
Norway,NOR,2022,39.489773
Poland,POL,2005,37.316303
Poland,POL,2006,36.823425
Poland,POL,2007,34.9735
Poland,POL,2008,34.56617
Poland,POL,2009,34.722733
Poland,POL,2010,34.561543
Poland,POL,2011,34.708664
Poland,POL,2012,35.50706
Poland,POL,2013,35.203327
Poland,POL,2014,35.748596
Poland,POL,2015,35.53056
Poland,POL,2016,37.773724
Poland,POL,2017,38.615784
Poland,POL,2018,37.83054
Poland,POL,2019,38.664104
Poland,POL,2020,38.829426
Poland,POL,2021,38.810875
Poland,POL,2022,38.743057
Poland,POL,2023,41.88799
Portugal,PRT,2003,24.195547
Portugal,PRT,2006,30.272371
Portugal,PRT,2007,30.4739
Portugal,PRT,2008,31.679804
Portugal,PRT,2009,34.279583
Portugal,PRT,2010,33.961754
Portugal,PRT,2011,36.421894
Portugal,PRT,2012,36.684654
Portugal,PRT,2013,38.3099
Portugal,PRT,2014,37.93525
Portugal,PRT,2015,37.381817
Portugal,PRT,2016,37.489243
Portugal,PRT,2017,38.161343
Portugal,PRT,2018,38.12645
Portugal,PRT,2019,39.385292
Portugal,PRT,2020,37.040585
Portugal,PRT,2021,38.303463
Portugal,PRT,2022,35.45317
Portugal,PRT,2023,36.477844
Romania,ROU,2006,30.946175
Romania,ROU,2007,33.108406
Romania,ROU,2008,34.13381
Romania,ROU,2009,34.93171
Romania,ROU,2010,36.974422
Romania,ROU,2011,36.571945
Romania,ROU,2012,35.615604
Romania,ROU,2013,35.0104
Romania,ROU,2014,30.569723
Romania,ROU,2015,35.582253
Romania,ROU,2016,35.696568
Romania,ROU,2017,32.142166
Romania,ROU,2018,32.751316
Romania,ROU,2019,33.75048
Romania,ROU,2020,33.087116
Romania,ROU,2021,35.667904
Romania,ROU,2022,38.208046
Romania,ROU,2023,38.056725
Russia,RUS,2011,22.474232
Russia,RUS,2016,25.784756
Russia,RUS,2017,26.958523
Slovakia,SVK,2004,41.414722
Slovakia,SVK,2005,36.55887
Slovakia,SVK,2006,40.858185
Slovakia,SVK,2007,40.690327
Slovakia,SVK,2008,37.649475
Slovakia,SVK,2009,38.447567
Slovakia,SVK,2010,38.531704
Slovakia,SVK,2011,36.99715
Slovakia,SVK,2012,38.722572
Slovakia,SVK,2013,36.800365
Slovakia,SVK,2014,37.54726
Slovakia,SVK,2015,37.466988
Slovakia,SVK,2016,39.497776
Slovakia,SVK,2017,41.73713
Slovakia,SVK,2018,38.14559
Slovakia,SVK,2019,41.968067
Slovakia,SVK,2020,42.143875
Slovakia,SVK,2021,43.52216
Slovakia,SVK,2022,41.312283
Slovakia,SVK,2023,48.33751
Slovenia,SVN,2004,44.90235
Slovenia,SVN,2005,44.96422
Slovenia,SVN,2006,45.08195
Slovenia,SVN,2007,43.747997
Slovenia,SVN,2008,43.819683
Slovenia,SVN,2009,44.8129
Slovenia,SVN,2010,45.3918
Slovenia,SVN,2011,46.11889
Slovenia,SVN,2012,46.265923
Slovenia,SVN,2013,45.102554
Slovenia,SVN,2014,45.38864
Slovenia,SVN,2015,45.236465
Slovenia,SVN,2016,45.871857
Slovenia,SVN,2017,45.450237
Slovenia,SVN,2018,43.86544
Slovenia,SVN,2019,44.672424
Slovenia,SVN,2020,45.456516
Slovenia,SVN,2021,44.478897
Slovenia,SVN,2022,43.15588
Slovenia,SVN,2023,42.41718
South Africa,ZAF,2015,13.167427
South Africa,ZAF,2017,12.849015
South Korea,KOR,2011,7.1770334
South Korea,KOR,2012,6.3260393
South Korea,KOR,2013,7.2319164
South Korea,KOR,2014,8.564234
South Korea,KOR,2015,11.111112
South Korea,KOR,2016,11.691547
South Korea,KOR,2017,12.8078785
South Korea,KOR,2018,14.179108
South Korea,KOR,2019,16.089115
South Korea,KOR,2020,19.012344
South Korea,KOR,2021,18.765432
South Korea,KOR,2022,18.181818
Spain,ESP,2007,30.331362
Spain,ESP,2008,29.241198
Spain,ESP,2009,31.3943
Spain,ESP,2010,32.84677
Spain,ESP,2011,32.517944
Spain,ESP,2012,34.356533
Spain,ESP,2013,34.016483
Spain,ESP,2014,34.44787
Spain,ESP,2015,34.283775
Spain,ESP,2016,34.030304
Spain,ESP,2017,34.36454
Spain,ESP,2018,34.686806
Spain,ESP,2019,34.707912
Spain,ESP,2020,36.047512
Spain,ESP,2021,35.653126
Spain,ESP,2022,34.258865
Spain,ESP,2023,34.449482
Sweden,SWE,2013,37.028305
Sweden,SWE,2014,36.448593
Sweden,SWE,2015,35.813957
Sweden,SWE,2016,35.48387
Sweden,SWE,2017,34.997807
Sweden,SWE,2018,36.214954
Sweden,SWE,2019,35.431232
Sweden,SWE,2020,36.258663
Sweden,SWE,2021,34.999996
Sweden,SWE,2022,33.940777
Sweden,SWE,2023,33.101852
Switzerland,CHE,2006,17.069946
Switzerland,CHE,2007,16.60793
Switzerland,CHE,2008,17.968487
Switzerland,CHE,2009,19.741402
Switzerland,CHE,2010,20.294973
Switzerland,CHE,2011,21.499268
Switzerland,CHE,2012,22.483189
Switzerland,CHE,2013,23.577045
Switzerland,CHE,2014,22.071638
Switzerland,CHE,2015,23.434095
Switzerland,CHE,2016,22.887278
Switzerland,CHE,2017,22.5623
Switzerland,CHE,2018,21.286259
Switzerland,CHE,2019,21.421007
Switzerland,CHE,2020,21.91579
Switzerland,CHE,2021,21.808142
Switzerland,CHE,2022,21.229038
Turkey,TUR,2011,5.6206064
Turkey,TUR,2012,5.4502378
Turkey,TUR,2013,6.2500052
Turkey,TUR,2014,5.9101667
Turkey,TUR,2015,5.8275003
Turkey,TUR,2017,18.495296
Turkey,TUR,2018,19.310356
Turkey,TUR,2019,17.3723
Turkey,TUR,2020,20.055487
Turkey,TUR,2021,18.305922
Turkey,TUR,2022,18.57535
United Kingdom,GBR,2002,29.699394
United Kingdom,GBR,2003,30.305761
United Kingdom,GBR,2004,30.43466
United Kingdom,GBR,2005,29.914328
United Kingdom,GBR,2006,28.622833
United Kingdom,GBR,2007,28.244919
United Kingdom,GBR,2008,29.0507
United Kingdom,GBR,2009,30.200794
United Kingdom,GBR,2010,32.683937
United Kingdom,GBR,2011,32.465836
United Kingdom,GBR,2012,32.970173
United Kingdom,GBR,2013,32.06831
United Kingdom,GBR,2014,31.242338
United Kingdom,GBR,2015,30.697641
United Kingdom,GBR,2016,30.632406
United Kingdom,GBR,2017,29.44664
United Kingdom,GBR,2018,28.654972
United Kingdom,GBR,2019,28.00899
United Kingdom,GBR,2020,29.980282
United Kingdom,GBR,2021,30.56309
United Kingdom,GBR,2022,28.769993
United Kingdom,GBR,2023,29.675951
United States,USA,2013,22.786379
United States,USA,2014,22.405062
United States,USA,2015,23.02877
United States,USA,2016,22.77571
United States,USA,2017,22.807367
United States,USA,2018,22.391304
United States,USA,2019,21.771004
United States,USA,2020,27.567673
United States,USA,2021,27.385334
United States,USA,2022,22.636719
United States,USA,2023,22.073793
