Entity,Code,Year,Share of population in poverty ($1.90 a day),Share of population in poverty ($1.90 a day) (Annotations)
Albania,ALB,1996,0.92066896,
Albania,ALB,2002,1.5708433,
Albania,ALB,2005,0.86052716,
Albania,ALB,2008,0.3136496,
Albania,ALB,2012,0.84975445,
Albania,ALB,2014,1.5808972,
Albania,ALB,2015,0.2450979,
Albania,ALB,2016,0.41036424,
Albania,ALB,2017,0.42847544,
Albania,ALB,2018,0.12077233,
Albania,ALB,2019,0.0,
Albania,ALB,2020,0.021277364,
Algeria,DZA,1988,6.251,
Algeria,DZA,1995,5.953,
Algeria,DZA,2011,0.0,
Angola,AGO,2000,36.374477,
Angola,AGO,2008,34.446857,
Angola,AGO,2018,50.046474,
Argentina (urban),,1980,0.0,
Argentina (urban),,1986,1.2244478,
Argentina (urban),,1987,1.4303746,
Argentina (urban),,1991,1.2815984,
Argentina (urban),,1992,2.461978,
Argentina (urban),,1993,2.8181994,
Argentina (urban),,1994,2.6745615,
Argentina (urban),,1995,4.9248767,
Argentina (urban),,1996,5.302169,
Argentina (urban),,1997,4.820757,
Argentina (urban),,1998,5.575854,
Argentina (urban),,1999,5.529385,
Argentina (urban),,2000,6.7917166,
Argentina (urban),,2001,10.679574,
Argentina (urban),,2002,16.941004,
Argentina (urban),,2003,7.946763,
Argentina (urban),,2004,5.84097,
Argentina (urban),,2005,4.2660356,
Argentina (urban),,2006,3.3019967,
Argentina (urban),,2007,2.6638606,
Argentina (urban),,2008,2.5512667,
Argentina (urban),,2009,2.3536234,
Argentina (urban),,2010,1.499948,
Argentina (urban),,2011,1.1697011,
Argentina (urban),,2012,1.1538439,
Argentina (urban),,2013,1.0544617,
Argentina (urban),,2014,0.9880366,
Argentina (urban),,2016,1.2206709,
Argentina (urban),,2017,1.0754911,
Argentina (urban),,2018,1.5960011,
Argentina (urban),,2019,1.6148415,
Argentina (urban),,2020,2.097701,
Argentina (urban),,2021,1.3370103,
Argentina (urban),,2022,1.180463,
Armenia,ARM,1999,12.211692,
Armenia,ARM,2001,14.361087,
Armenia,ARM,2002,10.514506,
Armenia,ARM,2003,7.8514977,
Armenia,ARM,2004,5.475656,
Armenia,ARM,2005,2.685917,
Armenia,ARM,2006,2.1420064,
Armenia,ARM,2007,1.6285205,
Armenia,ARM,2008,0.8928085,
Armenia,ARM,2009,1.33473,
Armenia,ARM,2010,0.9744664,
Armenia,ARM,2011,1.2088773,
Armenia,ARM,2012,0.91699547,
Armenia,ARM,2013,1.7670774,
Armenia,ARM,2014,1.541668,
Armenia,ARM,2015,1.2606821,
Armenia,ARM,2016,1.1629912,
Armenia,ARM,2017,0.8807932,
Armenia,ARM,2018,1.4095368,
Armenia,ARM,2019,1.0789988,
Armenia,ARM,2020,0.38813463,
Armenia,ARM,2021,0.5739614,
Armenia,ARM,2022,0.84379995,
Australia,AUS,1981,0.9935031,
Australia,AUS,1985,1.0013098,
Australia,AUS,1989,0.744275,
Australia,AUS,1995,0.74978226,
Australia,AUS,2001,0.7474116,
Australia,AUS,2003,0.9973307,
Australia,AUS,2004,0.4992759,
Australia,AUS,2008,0.36123243,
Australia,AUS,2010,0.34916842,
Australia,AUS,2014,0.4984838,
Australia,AUS,2016,0.49874178,
Australia,AUS,2018,0.49709398,
Austria,AUT,1994,0.23091485,
Austria,AUT,1995,0.0,
Austria,AUT,1996,0.0,
Austria,AUT,1997,0.24598348,
Austria,AUT,1998,0.23944513,
Austria,AUT,1999,0.22600505,
Austria,AUT,2000,0.0,
Austria,AUT,2003,0.33220324,
Austria,AUT,2004,0.08165289,
Austria,AUT,2005,0.1536901,
Austria,AUT,2006,0.090110004,
Austria,AUT,2007,0.37229174,
Austria,AUT,2008,0.47116703,
Austria,AUT,2009,0.6562347,
Austria,AUT,2010,0.49070254,
Austria,AUT,2011,0.41540423,
Austria,AUT,2012,0.6169174,
Austria,AUT,2013,0.33799785,
Austria,AUT,2014,0.22426021,
Austria,AUT,2015,0.677193,
Austria,AUT,2016,0.6640636,
Austria,AUT,2017,0.3180896,
Austria,AUT,2018,0.56835836,
Austria,AUT,2019,0.6406389,
Austria,AUT,2020,0.68357754,
Austria,AUT,2021,0.4858222,
Azerbaijan,AZE,1995,7.080845,
Azerbaijan,AZE,2001,2.5827348,
Azerbaijan,AZE,2002,0.042838097,
Azerbaijan,AZE,2003,0.0,
Azerbaijan,AZE,2004,0.0,
Azerbaijan,AZE,2005,0.0,
Bangladesh,BGD,1983,38.804,
Bangladesh,BGD,1985,33.414,
Bangladesh,BGD,1988,43.225,
Bangladesh,BGD,1991,43.47,
Bangladesh,BGD,1995,35.03813,
Bangladesh,BGD,2000,34.221897,
Bangladesh,BGD,2005,25.117842,
Bangladesh,BGD,2010,19.177576,
Bangladesh,BGD,2016,14.324546,
Bangladesh,BGD,2022,5.4410276,
Belarus,BLR,1998,11.796403,
Belarus,BLR,1999,10.602769,
Belarus,BLR,2000,7.331885,
Belarus,BLR,2001,3.2232385,
Belarus,BLR,2002,2.124369,
Belarus,BLR,2003,1.4441695,
Belarus,BLR,2004,0.3208604,
Belarus,BLR,2005,0.37204954,
Belarus,BLR,2006,0.10773554,
Belarus,BLR,2007,0.08375415,
Belarus,BLR,2008,0.0,
Belarus,BLR,2009,0.02886653,
Belarus,BLR,2010,0.0,
Belarus,BLR,2011,0.0,
Belarus,BLR,2012,0.0,
Belarus,BLR,2013,0.0,
Belarus,BLR,2014,0.0,
Belarus,BLR,2015,0.0,
Belarus,BLR,2016,0.0,
Belarus,BLR,2017,0.0,
Belarus,BLR,2018,0.0,
Belarus,BLR,2019,0.0,
Belarus,BLR,2020,0.0,
Belgium,BEL,1985,0.2401878,
Belgium,BEL,1988,0.4778089,
Belgium,BEL,1992,0.9832839,
Belgium,BEL,1995,0.41241008,
Belgium,BEL,1997,0.4924794,
Belgium,BEL,2000,0.305506,
Belgium,BEL,2003,0.29441932,
Belgium,BEL,2004,0.052021958,
Belgium,BEL,2005,0.19307023,
Belgium,BEL,2006,0.16894151,
Belgium,BEL,2007,0.15145147,
Belgium,BEL,2008,0.11841667,
Belgium,BEL,2009,0.107580915,
Belgium,BEL,2010,0.13711528,
Belgium,BEL,2011,0.16826819,
Belgium,BEL,2012,0.15657145,
Belgium,BEL,2013,0.14450805,
Belgium,BEL,2014,0.07649596,
Belgium,BEL,2015,0.07075855,
Belgium,BEL,2016,0.059816156,
Belgium,BEL,2017,0.14786859,
Belgium,BEL,2018,0.0811136,
Belgium,BEL,2019,0.07855247,
Belgium,BEL,2020,0.05472548,
Belgium,BEL,2021,0.02996537,
Belize,BLZ,1993,10.061499,
Belize,BLZ,1994,9.748367,
Belize,BLZ,1996,13.173885,
Belize,BLZ,1997,16.00054,
Belize,BLZ,1998,14.878739,
Belize,BLZ,1999,14.632847,
Benin,BEN,2003,51.42711,
Benin,BEN,2011,53.19272,
Benin,BEN,2015,49.605885,
Benin,BEN,2018,19.20976,
Benin,BEN,2021,12.031303,
Bhutan,BTN,2003,17.762825,
Bhutan,BTN,2007,8.178763,
Bhutan,BTN,2012,2.1843376,
Bhutan,BTN,2017,1.542608,
Bhutan,BTN,2022,0.005670996,
Bolivia,BOL,1997,19.255022,
Bolivia,BOL,1999,25.181917,
Bolivia,BOL,2000,28.567299,
Bolivia,BOL,2001,22.782549,
Bolivia,BOL,2002,24.563011,
Bolivia,BOL,2004,13.566897,
Bolivia,BOL,2005,19.199253,
Bolivia,BOL,2006,16.072598,
Bolivia,BOL,2007,12.442877,
Bolivia,BOL,2008,11.000383,
Bolivia,BOL,2009,10.344687,
Bolivia,BOL,2011,7.207506,
Bolivia,BOL,2012,8.138166,
Bolivia,BOL,2013,6.850321,
Bolivia,BOL,2014,5.7146826,
Bolivia,BOL,2015,6.2984905,
Bolivia,BOL,2016,7.5096087,
Bolivia,BOL,2017,6.5463057,
Bolivia,BOL,2018,4.9038877,
Bolivia,BOL,2019,3.2410889,
Bolivia,BOL,2020,4.464846,
Bolivia,BOL,2021,3.2125068,
Bolivia (urban),,1990,6.483,
Bolivia (urban),,1992,15.005014,
Bosnia and Herzegovina,BIH,2001,0.311239,
Bosnia and Herzegovina,BIH,2004,0.16045824,
Bosnia and Herzegovina,BIH,2007,0.058264244,
Bosnia and Herzegovina,BIH,2011,0.058986504,
Botswana,BWA,1985,40.918,
Botswana,BWA,1993,33.272,
Botswana,BWA,2002,28.172651,
Botswana,BWA,2009,17.244034,
Botswana,BWA,2015,14.492061,
Brazil,BRA,1981,21.291029,
Brazil,BRA,1982,21.698532,
Brazil,BRA,1983,27.413216,
Brazil,BRA,1984,26.723852,
Brazil,BRA,1985,23.066532,
Brazil,BRA,1986,10.458917,
Brazil,BRA,1987,17.686255,
Brazil,BRA,1988,20.038225,
Brazil,BRA,1989,18.237722,
Brazil,BRA,1990,21.509861,
Brazil,BRA,1992,20.74994,
Brazil,BRA,1993,19.832363,
Brazil,BRA,1995,12.943119,
Brazil,BRA,1996,14.116207,
Brazil,BRA,1997,13.953596,
Brazil,BRA,1998,12.689996,
Brazil,BRA,1999,13.327694,
Brazil,BRA,2001,11.534275,
Brazil,BRA,2002,10.243212,
Brazil,BRA,2003,11.014327,
Brazil,BRA,2004,9.679778,
Brazil,BRA,2005,8.578301,
Brazil,BRA,2006,7.1686177,
Brazil,BRA,2007,6.7491574,
Brazil,BRA,2008,5.535888,
Brazil,BRA,2009,5.3776484,
Brazil,BRA,2011,4.6963377,
Brazil,BRA,2012,3.8916092,
Brazil,BRA,2013,3.2162573,
Brazil,BRA,2014,2.8798606,
Brazil,BRA,2015,3.3694413,
Brazil,BRA,2016,4.150597,
Brazil,BRA,2017,4.692563,
Brazil,BRA,2018,4.6981344,
Brazil,BRA,2019,4.867302,
Brazil,BRA,2020,1.7230747,
Brazil,BRA,2021,5.205019,
Brazil,BRA,2022,2.884774,
Bulgaria,BGR,1992,0.0,
Bulgaria,BGR,2006,5.619553,
Bulgaria,BGR,2007,1.7741915,
Bulgaria,BGR,2008,1.2154435,
Bulgaria,BGR,2009,1.2948965,
Bulgaria,BGR,2010,1.9781377,
Bulgaria,BGR,2011,2.4464297,
Bulgaria,BGR,2012,2.2001653,
Bulgaria,BGR,2013,1.7837765,
Bulgaria,BGR,2014,1.6311549,
Bulgaria,BGR,2015,3.3948324,
Bulgaria,BGR,2016,1.9484347,
Bulgaria,BGR,2017,1.3717663,
Bulgaria,BGR,2018,0.87046057,
Bulgaria,BGR,2019,0.9121102,
Bulgaria,BGR,2020,0.24786347,
Bulgaria,BGR,2021,0.6936749,
Burkina Faso,BFA,1994,83.237144,
Burkina Faso,BFA,1998,81.63885,
Burkina Faso,BFA,2003,57.39958,
Burkina Faso,BFA,2009,55.414783,
Burkina Faso,BFA,2014,43.84384,
Burkina Faso,BFA,2018,34.95392,
Burkina Faso,BFA,2021,28.212177,
Burundi,BDI,1992,81.893,
Burundi,BDI,1998,84.706726,
Burundi,BDI,2006,78.60281,
Burundi,BDI,2013,72.79985,
Burundi,BDI,2020,69.9107,
Cameroon,CMR,1996,51.16826,
Cameroon,CMR,2001,26.01386,
Cameroon,CMR,2007,31.776932,
Cameroon,CMR,2014,25.974554,
Cameroon,CMR,2021,23.465033,
Canada,CAN,1971,2.249591,
Canada,CAN,1973,1.4975553,
Canada,CAN,1975,1.4924183,
Canada,CAN,1977,1.2496604,
Canada,CAN,1979,1.2497067,
Canada,CAN,1981,0.7493493,
Canada,CAN,1982,0.4997366,
Canada,CAN,1984,0.74983454,
Canada,CAN,1985,0.49976912,
Canada,CAN,1986,0.9981897,
Canada,CAN,1987,0.49968165,
Canada,CAN,1988,0.74937075,
Canada,CAN,1989,1.24935,
Canada,CAN,1990,1.2484578,
Canada,CAN,1991,1.2476625,
Canada,CAN,1992,0.7468885,
Canada,CAN,1993,1.2476294,
Canada,CAN,1994,0.98957986,
Canada,CAN,1995,0.74680895,
Canada,CAN,1996,0.24951783,
Canada,CAN,1997,0.24771148,
Canada,CAN,1998,0.49965563,
Canada,CAN,1999,0.49096304,
Canada,CAN,2000,0.24782088,
Canada,CAN,2001,0.24938154,
Canada,CAN,2002,0.24230576,
Canada,CAN,2003,0.23710853,
Canada,CAN,2004,0.2435585,
Canada,CAN,2005,0.24498986,
Canada,CAN,2006,0.24914758,
Canada,CAN,2007,0.24825242,
Canada,CAN,2008,0.24546228,
Canada,CAN,2009,0.24430971,
Canada,CAN,2010,0.248831,
Canada,CAN,2011,0.2261454,
Canada,CAN,2012,0.24652141,
Canada,CAN,2013,0.49648547,
Canada,CAN,2014,0.24215806,
Canada,CAN,2015,0.24590448,
Canada,CAN,2016,0.24871367,
Canada,CAN,2017,0.24701066,
Canada,CAN,2018,0.2499711,
Canada,CAN,2019,0.24863754,
Cape Verde,CPV,2001,16.577045,
Cape Verde,CPV,2007,8.358772,
Cape Verde,CPV,2015,3.350823,
Central African Republic,CAF,1992,84.130005,
Central African Republic,CAF,2008,65.92624,
Central African Republic,CAF,2021,70.123505,
Chad,TCD,2003,59.989483,
Chad,TCD,2011,38.077602,
Chad,TCD,2018,33.192642,
Chad,TCD,2022,33.408714,
Chile,CHL,1987,11.409161,
Chile,CHL,1990,7.9241095,
Chile,CHL,1992,4.566454,
Chile,CHL,1994,4.86472,
Chile,CHL,1996,3.3543746,
Chile,CHL,1998,3.4825099,
Chile,CHL,2000,4.2820525,
Chile,CHL,2003,4.0118885,
Chile,CHL,2006,1.4336394,
Chile,CHL,2009,1.2512704,
Chile,CHL,2011,0.60120404,
Chile,CHL,2013,0.3549371,
Chile,CHL,2015,0.30869704,
Chile,CHL,2017,0.30786273,
Chile,CHL,2020,1.1991591,
Chile,CHL,2022,0.35126066,
China,CHN,1981,88.14843,
China,CHN,1984,75.10434,
China,CHN,1987,60.477436,
China,CHN,1990,66.077255,
China,CHN,1993,59.664703,
China,CHN,1996,41.887234,
China,CHN,1999,40.51472,
China,CHN,2002,31.963799,
China,CHN,2005,18.044752,
China,CHN,2008,14.185876,
China,CHN,2010,10.9164095,
China,CHN,2011,7.899929,
China,CHN,2012,6.499666,
China,CHN,2013,1.5261377,
China,CHN,2014,0.8004675,
China,CHN,2015,0.0,
China,CHN,2016,0.0,
China,CHN,2017,0.0,
China,CHN,2018,0.0,
China,CHN,2019,0.0,
China,CHN,2020,0.0,
China,CHN,2021,0.0,
China (rural),,1981,95.373,
China (rural),,1984,84.605,
China (rural),,1987,72.122,
China (rural),,1990,78.583,
China (rural),,1993,75.604996,
China (rural),,1996,54.833,
China (rural),,1999,55.976997,
China (rural),,2002,48.417,
China (rural),,2005,29.686,
China (rural),,2008,26.535002,
China (rural),,2010,21.5,
China (rural),,2011,15.963,
China (rural),,2012,13.474999,
China (rural),,2013,3.2480001,
China (rural),,2014,1.75,
China (rural),,2015,0.0,
China (rural),,2016,0.0,
China (rural),,2017,0.0,
China (rural),,2018,0.0,
China (rural),,2019,0.0,
China (rural),,2020,0.0,
China (rural),,2021,0.0,
China (urban),,1981,59.461998,
China (urban),,1984,41.815002,
China (urban),,1987,24.121,
China (urban),,1990,31.288,
China (urban),,1993,20.833,
China (urban),,1996,14.271,
China (urban),,1999,11.627999,
China (urban),,2002,5.598,
China (urban),,2005,2.309,
China (urban),,2008,0.0,
China (urban),,2010,0.0,
China (urban),,2011,0.0,
China (urban),,2012,0.0,
China (urban),,2013,0.0,
China (urban),,2014,0.0,
China (urban),,2015,0.0,
China (urban),,2016,0.0,
China (urban),,2017,0.0,
China (urban),,2018,0.0,
China (urban),,2019,0.0,
China (urban),,2020,0.0,
China (urban),,2021,0.0,
Colombia,COL,1992,8.954667,
Colombia,COL,1996,16.658718,
Colombia,COL,1999,20.363676,
Colombia,COL,2000,16.75301,
Colombia,COL,2001,20.145813,
Colombia,COL,2002,13.160745,
Colombia,COL,2003,12.133065,
Colombia,COL,2004,11.187221,
Colombia,COL,2005,9.804271,
Colombia,COL,2008,10.395984,
Colombia,COL,2009,8.973783,
Colombia,COL,2010,7.7518306,
Colombia,COL,2011,6.3434443,
Colombia,COL,2012,6.2479367,
Colombia,COL,2013,5.6467977,
Colombia,COL,2014,5.036507,
Colombia,COL,2015,4.5999956,
Colombia,COL,2016,4.5280747,
Colombia,COL,2017,4.0283585,
Colombia,COL,2018,4.1875577,
Colombia,COL,2019,4.9407325,
Colombia,COL,2020,8.86441,
Colombia,COL,2021,6.8741612,
Colombia,COL,2022,5.688443,
Colombia (urban),,1980,19.949,
Colombia (urban),,1988,13.753,
Colombia (urban),,1989,13.058,
Colombia (urban),,1991,11.912001,
Comoros,COM,2004,14.983533,
Comoros,COM,2014,19.07086,
Congo,COG,2005,55.091053,
Congo,COG,2011,39.567883,
Costa Rica,CRI,1981,25.150002,
Costa Rica,CRI,1986,13.47,
Costa Rica,CRI,1989,10.434554,
Costa Rica,CRI,1990,10.215365,
Costa Rica,CRI,1991,11.835112,
Costa Rica,CRI,1992,9.706139,
Costa Rica,CRI,1993,8.11031,
Costa Rica,CRI,1994,6.7763567,
Costa Rica,CRI,1995,6.9710517,
Costa Rica,CRI,1996,8.075444,
Costa Rica,CRI,1997,6.6058025,
Costa Rica,CRI,1998,5.09196,
Costa Rica,CRI,1999,6.5735297,
Costa Rica,CRI,2000,6.720134,
Costa Rica,CRI,2001,4.8594985,
Costa Rica,CRI,2002,4.568478,
Costa Rica,CRI,2003,4.57287,
Costa Rica,CRI,2004,4.386112,
Costa Rica,CRI,2005,3.1982918,
Costa Rica,CRI,2006,3.1833985,
Costa Rica,CRI,2007,1.7570469,
Costa Rica,CRI,2008,2.3439813,
Costa Rica,CRI,2009,2.4356697,
Costa Rica,CRI,2010,1.4659013,
Costa Rica,CRI,2011,1.6471647,
Costa Rica,CRI,2012,1.6334212,
Costa Rica,CRI,2013,1.5869253,
Costa Rica,CRI,2014,1.4931628,
Costa Rica,CRI,2015,1.5414728,
Costa Rica,CRI,2016,1.2657249,
Costa Rica,CRI,2017,1.0579412,
Costa Rica,CRI,2018,1.4519128,
Costa Rica,CRI,2019,1.0128173,
Costa Rica,CRI,2020,2.0635085,
Costa Rica,CRI,2021,1.1750641,
Costa Rica,CRI,2022,0.87287426,
Costa Rica,CRI,2023,0.8520908,
Cote d'Ivoire,CIV,1985,7.580813,
Cote d'Ivoire,CIV,1986,3.5307534,
Cote d'Ivoire,CIV,1987,7.4075356,
Cote d'Ivoire,CIV,1988,11.865907,
Cote d'Ivoire,CIV,1992,23.706352,
Cote d'Ivoire,CIV,1995,21.601885,
Cote d'Ivoire,CIV,1998,27.043629,
Cote d'Ivoire,CIV,2008,30.437077,
Cote d'Ivoire,CIV,2015,29.834084,
Cote d'Ivoire,CIV,2018,9.218136,
Cote d'Ivoire,CIV,2021,7.4323363,
Croatia,HRV,1988,0.0,
Croatia,HRV,2009,0.91407186,
Croatia,HRV,2010,1.2193427,
Croatia,HRV,2011,0.66493607,
Croatia,HRV,2012,0.8355705,
Croatia,HRV,2013,0.72886807,
Croatia,HRV,2014,0.981814,
Croatia,HRV,2015,0.6102967,
Croatia,HRV,2016,0.6206112,
Croatia,HRV,2017,0.5297635,
Croatia,HRV,2018,0.4375505,
Croatia,HRV,2019,0.25992584,
Croatia,HRV,2020,0.3185119,
Croatia,HRV,2021,0.3208242,
Cyprus,CYP,2004,0.094067946,
Cyprus,CYP,2005,0.0063513494,
Cyprus,CYP,2006,0.0,
Cyprus,CYP,2007,0.025159188,
Cyprus,CYP,2008,0.008470222,
Cyprus,CYP,2009,0.11196495,
Cyprus,CYP,2010,0.022148006,
Cyprus,CYP,2011,0.008045135,
Cyprus,CYP,2012,0.0042377994,
Cyprus,CYP,2013,0.09701857,
Cyprus,CYP,2014,0.0783298,
Cyprus,CYP,2015,0.0,
Cyprus,CYP,2016,0.041149013,
Cyprus,CYP,2017,0.032828864,
Cyprus,CYP,2018,0.01650658,
Cyprus,CYP,2019,0.1538318,
Cyprus,CYP,2020,0.012641975,
Cyprus,CYP,2021,0.0053034704,
Czechia,CZE,1992,0.0,
Czechia,CZE,1993,0.0,
Czechia,CZE,1996,0.0,
Czechia,CZE,2002,0.0,
Czechia,CZE,2004,0.0,
Czechia,CZE,2005,0.004932986,
Czechia,CZE,2006,0.06581068,
Czechia,CZE,2007,0.11590256,
Czechia,CZE,2008,0.032779835,
Czechia,CZE,2009,0.012035621,
Czechia,CZE,2010,0.036178336,
Czechia,CZE,2011,0.046060845,
Czechia,CZE,2012,0.032207154,
Czechia,CZE,2013,0.04569093,
Czechia,CZE,2014,0.0,
Czechia,CZE,2015,0.008764512,
Czechia,CZE,2016,0.0,
Czechia,CZE,2017,0.0,
Czechia,CZE,2018,0.008861816,
Czechia,CZE,2019,0.0,
Czechia,CZE,2020,0.00814216,
Czechia,CZE,2021,0.059850585,
Democratic Republic of Congo,COD,2004,94.278984,
Democratic Republic of Congo,COD,2012,77.15222,
Democratic Republic of Congo,COD,2020,84.102165,
Denmark,DNK,1987,0.49739555,
Denmark,DNK,1992,0.49395204,
Denmark,DNK,1995,0.0,
Denmark,DNK,2000,0.0,
Denmark,DNK,2003,0.3432746,
Denmark,DNK,2004,0.31498066,
Denmark,DNK,2005,0.2548476,
Denmark,DNK,2006,0.13750921,
Denmark,DNK,2007,0.01391448,
Denmark,DNK,2008,0.113210574,
Denmark,DNK,2009,0.49477512,
Denmark,DNK,2010,0.05729401,
Denmark,DNK,2011,0.0,
Denmark,DNK,2012,0.0,
Denmark,DNK,2013,0.31091565,
Denmark,DNK,2014,0.20261092,
Denmark,DNK,2015,0.17542586,
Denmark,DNK,2016,0.27838695,
Denmark,DNK,2017,0.14090516,
Denmark,DNK,2018,0.17011176,
Denmark,DNK,2019,0.25140718,
Denmark,DNK,2020,0.1649913,
Denmark,DNK,2021,0.15367964,
Djibouti,DJI,2002,20.196001,
Djibouti,DJI,2012,18.181393,
Djibouti,DJI,2013,22.31681,
Djibouti,DJI,2017,17.006992,
Dominican Republic,DOM,1986,5.603,
Dominican Republic,DOM,1989,14.063001,
Dominican Republic,DOM,1992,5.653,
Dominican Republic,DOM,1996,5.3331094,
Dominican Republic,DOM,1997,5.630864,
Dominican Republic,DOM,2000,5.5473843,
Dominican Republic,DOM,2001,4.1069565,
Dominican Republic,DOM,2002,5.9112678,
Dominican Republic,DOM,2003,6.9104695,
Dominican Republic,DOM,2004,8.973916,
Dominican Republic,DOM,2005,5.878107,
Dominican Republic,DOM,2006,4.6744523,
Dominican Republic,DOM,2007,4.4833517,
Dominican Republic,DOM,2008,3.9459825,
Dominican Republic,DOM,2009,3.549638,
Dominican Republic,DOM,2010,2.6947322,
Dominican Republic,DOM,2011,2.9119427,
Dominican Republic,DOM,2012,2.598818,
Dominican Republic,DOM,2013,2.1654828,
Dominican Republic,DOM,2014,2.079124,
Dominican Republic,DOM,2015,1.7808361,
Dominican Republic,DOM,2016,1.636527,
Dominican Republic,DOM,2017,0.6919554,
Dominican Republic,DOM,2018,0.4349852,
Dominican Republic,DOM,2019,0.56546414,
Dominican Republic,DOM,2020,0.76821584,
Dominican Republic,DOM,2021,0.5521556,
Dominican Republic,DOM,2022,0.42040312,
East Asia and Pacific (PIP),,1990,60.207546,
East Asia and Pacific (PIP),,1991,58.857952,
East Asia and Pacific (PIP),,1992,56.842865,
East Asia and Pacific (PIP),,1993,54.878498,
East Asia and Pacific (PIP),,1994,48.60512,
East Asia and Pacific (PIP),,1995,43.566048,
East Asia and Pacific (PIP),,1996,39.597103,
East Asia and Pacific (PIP),,1997,39.428352,
East Asia and Pacific (PIP),,1998,40.72335,
East Asia and Pacific (PIP),,1999,37.262375,
East Asia and Pacific (PIP),,2000,34.998787,
East Asia and Pacific (PIP),,2001,32.50677,
East Asia and Pacific (PIP),,2002,28.382477,
East Asia and Pacific (PIP),,2003,24.423346,
East Asia and Pacific (PIP),,2004,21.134699,
East Asia and Pacific (PIP),,2005,17.15343,
East Asia and Pacific (PIP),,2006,16.446754,
East Asia and Pacific (PIP),,2007,14.417664,
East Asia and Pacific (PIP),,2008,13.465975,
East Asia and Pacific (PIP),,2009,11.993587,
East Asia and Pacific (PIP),,2010,10.26716,
East Asia and Pacific (PIP),,2011,7.6829658,
East Asia and Pacific (PIP),,2012,6.5365143,
East Asia and Pacific (PIP),,2013,3.0080416,
East Asia and Pacific (PIP),,2014,2.3261585,
East Asia and Pacific (PIP),,2015,1.5665001,
East Asia and Pacific (PIP),,2016,1.271509,
East Asia and Pacific (PIP),,2017,1.0742193,
East Asia and Pacific (PIP),,2018,0.94927305,
East Asia and Pacific (PIP),,2019,0.7930239,
East Asia and Pacific (PIP),,2020,0.87639165,
East Asia and Pacific (PIP),,2021,0.90588146,
East Asia and Pacific (PIP),,2022,0.810966,
East Asia and Pacific (PIP),,2023,0.76093704,
East Asia and Pacific (PIP),,2024,0.7076528,
East Timor,TLS,2001,38.525585,
East Timor,TLS,2007,37.395668,
East Timor,TLS,2014,21.95826,
Eastern and Southern Africa (PIP),,1990,56.1558,
Eastern and Southern Africa (PIP),,1991,57.487617,
Eastern and Southern Africa (PIP),,1992,58.684288,
Eastern and Southern Africa (PIP),,1993,59.862442,
Eastern and Southern Africa (PIP),,1994,60.028503,
Eastern and Southern Africa (PIP),,1995,59.25592,
Eastern and Southern Africa (PIP),,1996,58.407658,
Eastern and Southern Africa (PIP),,1997,58.295547,
Eastern and Southern Africa (PIP),,1998,58.531475,
Eastern and Southern Africa (PIP),,1999,58.579296,
Eastern and Southern Africa (PIP),,2000,58.419125,
Eastern and Southern Africa (PIP),,2001,58.017193,
Eastern and Southern Africa (PIP),,2002,58.734493,
Eastern and Southern Africa (PIP),,2003,57.87241,
Eastern and Southern Africa (PIP),,2004,54.483692,
Eastern and Southern Africa (PIP),,2005,52.524967,
Eastern and Southern Africa (PIP),,2006,50.782127,
Eastern and Southern Africa (PIP),,2007,49.680237,
Eastern and Southern Africa (PIP),,2008,48.751244,
Eastern and Southern Africa (PIP),,2009,48.600384,
Eastern and Southern Africa (PIP),,2010,47.365807,
Eastern and Southern Africa (PIP),,2011,46.237083,
Eastern and Southern Africa (PIP),,2012,45.658726,
Eastern and Southern Africa (PIP),,2013,45.160973,
Eastern and Southern Africa (PIP),,2014,45.017628,
Eastern and Southern Africa (PIP),,2015,45.031807,
Eastern and Southern Africa (PIP),,2016,45.53227,
Eastern and Southern Africa (PIP),,2017,45.873535,
Eastern and Southern Africa (PIP),,2018,45.94213,
Eastern and Southern Africa (PIP),,2019,46.16771,
Eastern and Southern Africa (PIP),,2020,47.512756,
Eastern and Southern Africa (PIP),,2021,47.30107,
Eastern and Southern Africa (PIP),,2022,46.6716,
Eastern and Southern Africa (PIP),,2023,46.77757,
Eastern and Southern Africa (PIP),,2024,46.37434,
Ecuador,ECU,1994,17.176117,
Ecuador,ECU,1999,21.84345,
Ecuador,ECU,2000,28.154139,
Ecuador,ECU,2003,14.845708,
Ecuador,ECU,2004,15.086281,
Ecuador,ECU,2005,11.803507,
Ecuador,ECU,2006,8.1637125,
Ecuador,ECU,2007,8.527814,
Ecuador,ECU,2008,7.5139523,
Ecuador,ECU,2009,7.3210588,
Ecuador,ECU,2010,5.696001,
Ecuador,ECU,2011,4.6871204,
Ecuador,ECU,2012,4.4939237,
Ecuador,ECU,2013,3.2444994,
Ecuador,ECU,2014,2.6362443,
Ecuador,ECU,2015,3.4534745,
Ecuador,ECU,2016,3.577468,
Ecuador,ECU,2017,3.2234151,
Ecuador,ECU,2018,3.3263233,
Ecuador,ECU,2019,3.5835843,
Ecuador,ECU,2020,6.519245,
Ecuador,ECU,2021,3.5831802,
Ecuador,ECU,2022,3.2031667,
Ecuador,ECU,2023,3.7984307,
Ecuador (urban),,1987,17.632,
Ecuador (urban),,1995,13.808841,
Ecuador (urban),,1998,15.98994,
Egypt,EGY,1990,8.9210005,
Egypt,EGY,1995,5.996,
Egypt,EGY,1999,0.477,
Egypt,EGY,2004,5.1657295,
Egypt,EGY,2008,4.6837325,
Egypt,EGY,2010,2.1513467,
Egypt,EGY,2012,1.4843473,
Egypt,EGY,2015,1.6096768,
Egypt,EGY,2017,3.8059647,
Egypt,EGY,2019,2.6531556,
El Salvador,SLV,1989,18.765999,
El Salvador,SLV,1991,20.912386,
El Salvador,SLV,1995,12.670432,
El Salvador,SLV,1996,14.50997,
El Salvador,SLV,1998,20.310911,
El Salvador,SLV,1999,16.452087,
El Salvador,SLV,2000,12.396656,
El Salvador,SLV,2001,13.6205435,
El Salvador,SLV,2002,14.140159,
El Salvador,SLV,2003,15.083366,
El Salvador,SLV,2004,11.031373,
El Salvador,SLV,2005,10.561601,
El Salvador,SLV,2006,7.0730395,
El Salvador,SLV,2007,4.688562,
El Salvador,SLV,2008,7.0085683,
El Salvador,SLV,2009,6.7859874,
El Salvador,SLV,2010,5.715199,
El Salvador,SLV,2011,4.738094,
El Salvador,SLV,2012,4.219873,
El Salvador,SLV,2013,3.3616264,
El Salvador,SLV,2014,3.0993843,
El Salvador,SLV,2015,1.9895889,
El Salvador,SLV,2016,2.3231807,
El Salvador,SLV,2017,1.904775,
El Salvador,SLV,2018,1.5152308,
El Salvador,SLV,2019,1.2522546,
El Salvador,SLV,2021,3.4004889,
El Salvador,SLV,2022,3.2073889,
Estonia,EST,1993,0.0,
Estonia,EST,2003,2.2776842,
Estonia,EST,2004,1.0197557,
Estonia,EST,2005,0.7582223,
Estonia,EST,2006,0.70887023,
Estonia,EST,2007,0.4253237,
Estonia,EST,2008,0.35440654,
Estonia,EST,2009,0.5550371,
Estonia,EST,2010,0.7070292,
Estonia,EST,2011,0.97961545,
Estonia,EST,2012,0.7154801,
Estonia,EST,2013,0.8349501,
Estonia,EST,2014,0.6774641,
Estonia,EST,2015,0.5868315,
Estonia,EST,2016,0.47005862,
Estonia,EST,2017,0.26870602,
Estonia,EST,2018,0.22736241,
Estonia,EST,2019,0.48399255,
Estonia,EST,2020,0.34865937,
Estonia,EST,2021,0.26621592,
Eswatini,SWZ,1994,82.062,
Eswatini,SWZ,2000,48.938522,
Eswatini,SWZ,2009,43.00034,
Eswatini,SWZ,2016,29.167696,
Ethiopia,ETH,1995,72.27918,
Ethiopia,ETH,1999,63.365044,
Ethiopia,ETH,2004,39.193165,
Ethiopia,ETH,2010,35.20598,
Ethiopia,ETH,2015,30.933996,
Ethiopia (rural),,1981,75.389,
Europe and Central Asia (PIP),,1990,2.6518073,
Europe and Central Asia (PIP),,1991,3.148397,
Europe and Central Asia (PIP),,1992,4.3218093,
Europe and Central Asia (PIP),,1993,5.0258317,
Europe and Central Asia (PIP),,1994,6.6011667,
Europe and Central Asia (PIP),,1995,6.6287613,
Europe and Central Asia (PIP),,1996,6.587714,
Europe and Central Asia (PIP),,1997,5.813032,
Europe and Central Asia (PIP),,1998,5.99313,
Europe and Central Asia (PIP),,1999,8.000703,
Europe and Central Asia (PIP),,2000,7.438147,
Europe and Central Asia (PIP),,2001,6.6084294,
Europe and Central Asia (PIP),,2002,5.733234,
Europe and Central Asia (PIP),,2003,5.8093457,
Europe and Central Asia (PIP),,2004,3.8030994,
Europe and Central Asia (PIP),,2005,3.0384154,
Europe and Central Asia (PIP),,2006,2.0689595,
Europe and Central Asia (PIP),,2007,1.4039953,
Europe and Central Asia (PIP),,2008,0.9114853,
Europe and Central Asia (PIP),,2009,0.8601568,
Europe and Central Asia (PIP),,2010,0.8614277,
Europe and Central Asia (PIP),,2011,0.65121305,
Europe and Central Asia (PIP),,2012,0.66220033,
Europe and Central Asia (PIP),,2013,0.5389909,
Europe and Central Asia (PIP),,2014,0.85336465,
Europe and Central Asia (PIP),,2015,0.6761275,
Europe and Central Asia (PIP),,2016,0.55012745,
Europe and Central Asia (PIP),,2017,0.6045619,
Europe and Central Asia (PIP),,2018,0.33170313,
Europe and Central Asia (PIP),,2019,0.3499404,
Europe and Central Asia (PIP),,2020,0.41010597,
Europe and Central Asia (PIP),,2021,0.43872952,
Europe and Central Asia (PIP),,2022,0.4025793,
Europe and Central Asia (PIP),,2023,0.38499326,
Europe and Central Asia (PIP),,2024,0.36558887,
Fiji,FJI,2002,2.2641358,
Fiji,FJI,2008,1.6257564,
Fiji,FJI,2013,0.48059124,
Fiji,FJI,2019,1.8463589,
Finland,FIN,1987,0.0,
Finland,FIN,1991,0.0,
Finland,FIN,1995,0.0,
Finland,FIN,2000,0.0,
Finland,FIN,2003,0.049275037,
Finland,FIN,2004,0.037976075,
Finland,FIN,2005,0.05531524,
Finland,FIN,2006,0.08037546,
Finland,FIN,2007,0.063742585,
Finland,FIN,2008,0.053872228,
Finland,FIN,2009,0.052470084,
Finland,FIN,2010,0.048855018,
Finland,FIN,2011,0.04739088,
Finland,FIN,2012,0.05272516,
Finland,FIN,2013,0.08513758,
Finland,FIN,2014,0.06616784,
Finland,FIN,2015,0.07020851,
Finland,FIN,2016,0.04643161,
Finland,FIN,2017,0.065777734,
Finland,FIN,2018,0.056774255,
Finland,FIN,2019,0.03882923,
Finland,FIN,2020,0.0276209,
Finland,FIN,2021,0.020036517,
France,FRA,1970,0.0,
France,FRA,1975,0.24901384,
France,FRA,1979,0.24820168,
France,FRA,1984,0.24864879,
France,FRA,1990,0.24754605,
France,FRA,1996,0.24863891,
France,FRA,1997,0.24609698,
France,FRA,1998,0.0,
France,FRA,1999,0.0,
France,FRA,2000,0.0,
France,FRA,2001,0.0,
France,FRA,2002,0.0,
France,FRA,2003,0.15735751,
France,FRA,2004,0.045593247,
France,FRA,2005,0.043055452,
France,FRA,2006,0.027628507,
France,FRA,2007,0.014867865,
France,FRA,2008,0.009692239,
France,FRA,2009,0.044349,
France,FRA,2010,0.08201569,
France,FRA,2011,0.025783392,
France,FRA,2012,0.053500023,
France,FRA,2013,0.06039008,
France,FRA,2014,0.018678669,
France,FRA,2015,0.13355504,
France,FRA,2016,0.058125883,
France,FRA,2017,0.013625951,
France,FRA,2018,0.021168053,
France,FRA,2019,0.04447748,
France,FRA,2020,0.11489582,
France,FRA,2021,0.056357384,
Gabon,GAB,2005,7.9724627,
Gabon,GAB,2017,3.3852406,
Gambia,GMB,1998,70.827805,
Gambia,GMB,2003,46.141365,
Gambia,GMB,2010,25.353237,
Gambia,GMB,2015,10.297175,
Gambia,GMB,2020,14.054515,
Georgia,GEO,1996,5.3320003,
Georgia,GEO,1997,15.948784,
Georgia,GEO,1998,14.470774,
Georgia,GEO,1999,18.535093,
Georgia,GEO,2000,19.200388,
Georgia,GEO,2001,19.035772,
Georgia,GEO,2002,10.340331,
Georgia,GEO,2003,10.413145,
Georgia,GEO,2004,9.94879,
Georgia,GEO,2005,10.718018,
Georgia,GEO,2006,10.265926,
Georgia,GEO,2007,11.579274,
Georgia,GEO,2008,10.168982,
Georgia,GEO,2009,10.09342,
Georgia,GEO,2010,11.956264,
Georgia,GEO,2011,11.099016,
Georgia,GEO,2012,8.464171,
Georgia,GEO,2013,6.4298725,
Georgia,GEO,2014,4.9176393,
Georgia,GEO,2015,3.6966681,
Georgia,GEO,2016,3.8034697,
Georgia,GEO,2017,4.97611,
Georgia,GEO,2018,4.48853,
Georgia,GEO,2019,3.7832453,
Georgia,GEO,2020,4.233533,
Georgia,GEO,2021,4.143176,
Georgia,GEO,2022,3.5207489,
Germany,DEU,1991,0.0,
Germany,DEU,1992,0.0,
Germany,DEU,1993,0.0,
Germany,DEU,1994,0.19766816,
Germany,DEU,1995,0.24643685,
Germany,DEU,1996,0.0,
Germany,DEU,1997,0.0,
Germany,DEU,1998,0.0,
Germany,DEU,1999,0.0,
Germany,DEU,2000,0.0,
Germany,DEU,2001,0.0,
Germany,DEU,2002,0.0,
Germany,DEU,2003,0.0,
Germany,DEU,2004,0.0,
Germany,DEU,2005,0.0,
Germany,DEU,2006,0.0,
Germany,DEU,2007,0.0,
Germany,DEU,2008,0.0,
Germany,DEU,2009,0.0,
Germany,DEU,2010,0.0,
Germany,DEU,2011,0.0,
Germany,DEU,2012,0.0,
Germany,DEU,2013,0.0,
Germany,DEU,2014,0.0,
Germany,DEU,2015,0.0,
Germany,DEU,2016,0.0,
Germany,DEU,2017,0.24445756,
Germany,DEU,2018,0.0,
Germany,DEU,2019,0.24957946,
Germany,DEU,2020,0.24379632,
Ghana,GHA,1987,34.52,
Ghana,GHA,1988,33.954002,
Ghana,GHA,1991,42.201324,
Ghana,GHA,1998,34.515743,
Ghana,GHA,2005,24.841728,
Ghana,GHA,2012,12.252462,
Ghana,GHA,2016,13.618655,
Greece,GRC,1995,1.7376754,
Greece,GRC,2000,0.49310544,
Greece,GRC,2003,0.5293116,
Greece,GRC,2004,0.65072966,
Greece,GRC,2005,0.3385617,
Greece,GRC,2006,0.55271566,
Greece,GRC,2007,0.49926442,
Greece,GRC,2008,0.3444438,
Greece,GRC,2009,0.6296868,
Greece,GRC,2010,0.97306836,
Greece,GRC,2011,1.1727157,
Greece,GRC,2012,1.4697776,
Greece,GRC,2013,0.9991765,
Greece,GRC,2014,1.5318673,
Greece,GRC,2015,1.3986111,
Greece,GRC,2016,1.0540504,
Greece,GRC,2017,0.8870736,
Greece,GRC,2018,0.13956267,
Greece,GRC,2019,0.71843016,
Greece,GRC,2020,0.83241594,
Greece,GRC,2021,0.5698222,
Grenada,GRD,2018,0.31790403,
Guatemala,GTM,1986,48.794003,
Guatemala,GTM,1989,36.258,
Guatemala,GTM,1998,14.18,
Guatemala,GTM,2000,9.302499,
Guatemala,GTM,2006,11.156636,
Guatemala,GTM,2014,8.778929,
Guinea,GIN,1991,91.909,
Guinea,GIN,1994,49.914204,
Guinea,GIN,2002,63.140697,
Guinea,GIN,2007,58.572006,
Guinea,GIN,2012,36.09346,
Guinea,GIN,2018,23.185366,
Guinea-Bissau,GNB,1991,44.031998,
Guinea-Bissau,GNB,1993,44.13047,
Guinea-Bissau,GNB,2002,56.619923,
Guinea-Bissau,GNB,2010,68.39169,
Guinea-Bissau,GNB,2018,24.66737,
Guinea-Bissau,GNB,2021,28.390602,
Guyana,GUY,1992,28.911001,
Guyana,GUY,1998,11.810513,
Haiti,HTI,2001,63.146698,
Haiti,HTI,2012,53.621708,
Honduras,HND,1989,42.879,
Honduras,HND,1990,44.962997,
Honduras,HND,1991,34.124287,
Honduras,HND,1992,29.204008,
Honduras,HND,1993,24.317179,
Honduras,HND,1994,26.955996,
Honduras,HND,1995,28.160105,
Honduras,HND,1996,31.35801,
Honduras,HND,1997,21.844942,
Honduras,HND,1998,26.588,
Honduras,HND,1999,26.767221,
Honduras,HND,2001,21.910093,
Honduras,HND,2002,23.915648,
Honduras,HND,2003,28.492332,
Honduras,HND,2004,27.74628,
Honduras,HND,2005,27.10791,
Honduras,HND,2006,23.020155,
Honduras,HND,2007,17.567215,
Honduras,HND,2008,16.891333,
Honduras,HND,2009,14.163381,
Honduras,HND,2010,15.556722,
Honduras,HND,2011,15.9776,
Honduras,HND,2012,19.00118,
Honduras,HND,2013,16.418993,
Honduras,HND,2014,15.217476,
Honduras,HND,2015,14.924994,
Honduras,HND,2016,16.110516,
Honduras,HND,2017,15.43528,
Honduras,HND,2018,15.810781,
Honduras,HND,2019,14.778511,
Honduras (urban),,1986,52.552998,
Hungary,HUN,1987,0.0,
Hungary,HUN,1989,0.0,
Hungary,HUN,1991,1.4363885,
Hungary,HUN,1993,0.0,
Hungary,HUN,1994,0.931307,
Hungary,HUN,1999,0.20896545,
Hungary,HUN,2004,0.10468204,
Hungary,HUN,2005,0.6950586,
Hungary,HUN,2006,0.13563563,
Hungary,HUN,2007,0.055814542,
Hungary,HUN,2008,0.013135189,
Hungary,HUN,2009,0.06205552,
Hungary,HUN,2010,0.058671214,
Hungary,HUN,2011,0.0826242,
Hungary,HUN,2012,0.30581522,
Hungary,HUN,2013,0.1071305,
Hungary,HUN,2014,0.64374477,
Hungary,HUN,2015,0.56984746,
Hungary,HUN,2016,1.3308061,
Hungary,HUN,2017,0.59193856,
Hungary,HUN,2018,0.20753036,
Hungary,HUN,2019,0.27102777,
Hungary,HUN,2020,0.33336478,
Hungary,HUN,2021,0.3064208,
Iceland,ISL,2003,0.0,
Iceland,ISL,2004,0.17006549,
Iceland,ISL,2005,0.03701966,
Iceland,ISL,2006,0.14680485,
Iceland,ISL,2007,0.08061417,
Iceland,ISL,2008,0.060815003,
Iceland,ISL,2009,0.09720067,
Iceland,ISL,2010,0.14938448,
Iceland,ISL,2011,0.12328397,
Iceland,ISL,2012,0.033555817,
Iceland,ISL,2013,0.047026344,
Iceland,ISL,2014,0.0,
Iceland,ISL,2015,0.034490183,
Iceland,ISL,2016,0.0,
Iceland,ISL,2017,0.0,
India,IND,1977,63.527794,
India,IND,1983,56.66223,
India,IND,1987,50.913418,
India,IND,1993,47.935955,
India,IND,2004,40.57215,
India,IND,2009,33.424274,
India,IND,2011,22.833227,
India,IND,2015,18.739576,
India,IND,2016,18.108593,
India,IND,2017,13.371348,
India,IND,2018,11.088438,
India,IND,2019,13.199917,
India,IND,2020,15.450208,
India,IND,2021,12.911254,
India (rural),,1977,68.589005,
India (rural),,1983,62.078,
India (rural),,1987,55.312996,
India (rural),,1993,53.46418,
India (rural),,2004,45.307526,
India (rural),,2009,37.92071,
India (rural),,2011,26.2793,
India (rural),,2015,21.98728,
India (rural),,2016,20.075249,
India (rural),,2017,14.585027,
India (rural),,2018,11.671755,
India (rural),,2019,14.208618,
India (rural),,2020,16.745552,
India (rural),,2021,14.077566,
India (urban),,1977,44.237,
India (urban),,1983,37.963,
India (urban),,1987,36.61,
India (urban),,1993,31.159878,
India (urban),,2004,26.602495,
India (urban),,2009,21.296492,
India (urban),,2011,14.218253,
India (urban),,2015,12.015114,
India (urban),,2016,14.096724,
India (urban),,2017,10.931965,
India (urban),,2018,9.933099,
India (urban),,2019,11.230827,
India (urban),,2020,12.957507,
India (urban),,2021,10.698407,
Indonesia,IDN,1984,69.00331,
Indonesia,IDN,1987,68.95012,
Indonesia,IDN,1990,54.757626,
Indonesia,IDN,1993,54.24436,
Indonesia,IDN,1996,42.199852,
Indonesia,IDN,1998,62.07152,
Indonesia,IDN,1999,36.09392,
Indonesia,IDN,2000,35.95278,
Indonesia,IDN,2001,32.575123,
Indonesia,IDN,2002,16.84793,
Indonesia,IDN,2003,16.25174,
Indonesia,IDN,2004,18.81537,
Indonesia,IDN,2005,14.890625,
Indonesia,IDN,2006,20.118423,
Indonesia,IDN,2007,16.199038,
Indonesia,IDN,2008,14.132208,
Indonesia,IDN,2009,14.019208,
Indonesia,IDN,2010,11.772268,
Indonesia,IDN,2011,7.9975643,
Indonesia,IDN,2012,7.0578256,
Indonesia,IDN,2013,7.1937337,
Indonesia,IDN,2014,6.5724316,
Indonesia,IDN,2015,5.703396,
Indonesia,IDN,2016,4.3484116,
Indonesia,IDN,2017,3.5351913,
Indonesia,IDN,2018,2.9335606,
Indonesia,IDN,2019,2.0919454,
Indonesia,IDN,2020,1.6886845,
Indonesia,IDN,2021,1.7500913,
Indonesia,IDN,2022,1.3437424,
Indonesia,IDN,2023,1.1121216,
Iran,IRN,1986,6.7500005,
Iran,IRN,1990,6.3589997,
Iran,IRN,1994,2.024,
Iran,IRN,1998,2.182,
Iran,IRN,2005,0.6216126,
Iran,IRN,2006,0.55425644,
Iran,IRN,2009,1.110224,
Iran,IRN,2011,0.36392125,
Iran,IRN,2012,0.13691519,
Iran,IRN,2013,0.16444653,
Iran,IRN,2014,0.3164946,
Iran,IRN,2015,0.18863489,
Iran,IRN,2016,0.20936322,
Iran,IRN,2017,0.16004972,
Iran,IRN,2018,0.2960143,
Iran,IRN,2019,0.3972373,
Iran,IRN,2020,0.512258,
Iran,IRN,2021,0.43877006,
Iran,IRN,2022,0.33371532,
Iraq,IRQ,2006,1.5421271,
Iraq,IRQ,2012,1.6513163,
Ireland,IRL,1987,0.689184,
Ireland,IRL,1994,0.16343378,
Ireland,IRL,1995,0.17609753,
Ireland,IRL,1996,0.22401807,
Ireland,IRL,2000,0.1782722,
Ireland,IRL,2002,0.23505183,
Ireland,IRL,2003,0.12763272,
Ireland,IRL,2004,0.038251907,
Ireland,IRL,2005,0.021705687,
Ireland,IRL,2006,0.3963489,
Ireland,IRL,2007,0.08247485,
Ireland,IRL,2008,0.1805067,
Ireland,IRL,2009,0.4321604,
Ireland,IRL,2010,0.54275715,
Ireland,IRL,2011,0.47195804,
Ireland,IRL,2012,0.2471738,
Ireland,IRL,2013,0.65464795,
Ireland,IRL,2014,0.38895378,
Ireland,IRL,2015,0.32962018,
Ireland,IRL,2016,0.13117608,
Ireland,IRL,2017,0.24319613,
Ireland,IRL,2018,0.003921386,
Ireland,IRL,2019,0.058011558,
Ireland,IRL,2020,0.14430559,
Ireland,IRL,2021,0.063545495,
Israel,ISR,1979,0.0,
Israel,ISR,1986,0.23550048,
Israel,ISR,1992,0.21532728,
Israel,ISR,1997,0.24560836,
Israel,ISR,2001,0.24897778,
Israel,ISR,2002,0.48042536,
Israel,ISR,2003,0.46270582,
Israel,ISR,2004,0.49913883,
Israel,ISR,2005,0.4833153,
Israel,ISR,2006,0.22496581,
Israel,ISR,2007,0.4918124,
Israel,ISR,2008,0.4835079,
Israel,ISR,2009,0.49162772,
Israel,ISR,2010,0.19382665,
Israel,ISR,2011,0.23077059,
Israel,ISR,2012,0.48919725,
Israel,ISR,2013,0.4745734,
Israel,ISR,2014,0.49243245,
Israel,ISR,2015,0.49385363,
Israel,ISR,2016,0.24139464,
Israel,ISR,2017,0.45742482,
Israel,ISR,2018,0.23583153,
Israel,ISR,2019,0.49158922,
Israel,ISR,2020,0.44975653,
Israel,ISR,2021,0.2422214,
Italy,ITA,1977,0.22906405,
Italy,ITA,1978,0.48330766,
Italy,ITA,1979,0.48833704,
Italy,ITA,1980,0.22686729,
Italy,ITA,1981,0.0,
Italy,ITA,1982,0.0,
Italy,ITA,1983,0.21823193,
Italy,ITA,1984,0.0,
Italy,ITA,1986,0.24690011,
Italy,ITA,1987,0.9951176,
Italy,ITA,1989,0.0,
Italy,ITA,1991,0.228989,
Italy,ITA,1993,1.2493539,
Italy,ITA,1995,0.74394846,
Italy,ITA,1998,1.7424412,
Italy,ITA,2000,1.2495171,
Italy,ITA,2002,1.4982808,
Italy,ITA,2003,0.7694033,
Italy,ITA,2004,0.6045206,
Italy,ITA,2005,0.63170224,
Italy,ITA,2006,0.65343624,
Italy,ITA,2007,0.680243,
Italy,ITA,2008,0.69749427,
Italy,ITA,2009,0.8921169,
Italy,ITA,2010,1.2579888,
Italy,ITA,2011,1.156048,
Italy,ITA,2012,1.1716932,
Italy,ITA,2013,1.3665271,
Italy,ITA,2014,1.2321203,
Italy,ITA,2015,1.9488665,
Italy,ITA,2016,1.625868,
Italy,ITA,2017,1.418087,
Italy,ITA,2018,1.4576468,
Italy,ITA,2019,0.9943459,
Italy,ITA,2020,0.8200175,
Italy,ITA,2021,0.8145304,
Jamaica,JAM,1988,6.47,
Jamaica,JAM,1990,4.570004,
Jamaica,JAM,1993,10.569,
Jamaica,JAM,1996,3.4280405,
Jamaica,JAM,1999,2.614325,
Jamaica,JAM,2002,2.7329004,
Jamaica,JAM,2004,1.6558458,
Jamaica,JAM,2018,0.12176486,
Jamaica,JAM,2021,0.30976602,
Japan,JPN,2008,0.4798256,
Japan,JPN,2010,0.0,
Japan,JPN,2013,0.72788787,
Jordan,JOR,1986,0.0,
Jordan,JOR,1992,1.021,
Jordan,JOR,1997,0.0,
Jordan,JOR,2002,0.9849343,
Jordan,JOR,2006,0.28905168,
Jordan,JOR,2008,0.11823338,
Jordan,JOR,2010,0.10412249,
Kazakhstan,KAZ,1993,5.201,
Kazakhstan,KAZ,1996,5.9112678,
Kazakhstan,KAZ,2001,8.860234,
Kazakhstan,KAZ,2002,5.6112094,
Kazakhstan,KAZ,2003,3.6859732,
Kazakhstan,KAZ,2004,1.7540177,
Kazakhstan,KAZ,2005,5.8197412,
Kazakhstan,KAZ,2006,0.46562642,
Kazakhstan,KAZ,2007,0.22497468,
Kazakhstan,KAZ,2008,0.013667726,
Kazakhstan,KAZ,2009,0.095817156,
Kazakhstan,KAZ,2010,0.0946243,
Kazakhstan,KAZ,2011,0.03057711,
Kazakhstan,KAZ,2012,0.025146356,
Kazakhstan,KAZ,2013,0.019395286,
Kazakhstan,KAZ,2014,0.002631751,
Kazakhstan,KAZ,2015,0.010768418,
Kazakhstan,KAZ,2016,0.011515606,
Kazakhstan,KAZ,2017,0.019417364,
Kazakhstan,KAZ,2018,0.010537845,
Kazakhstan,KAZ,2019,0.008778912,
Kazakhstan,KAZ,2020,0.0011927144,
Kazakhstan,KAZ,2021,0.00982926,
Kenya,KEN,1992,31.663,
Kenya,KEN,1994,31.689474,
Kenya,KEN,1997,32.211205,
Kenya,KEN,2005,43.897106,
Kenya,KEN,2015,37.07856,
Kenya,KEN,2020,43.662422,
Kenya,KEN,2021,45.71897,
Kiribati,KIR,2006,12.869297,
Kiribati,KIR,2019,1.3005921,
Kosovo,OWID_KOS,2003,1.9499478,
Kosovo,OWID_KOS,2005,3.4661121,
Kosovo,OWID_KOS,2006,3.5819228,
Kosovo,OWID_KOS,2009,3.1931818,
Kosovo,OWID_KOS,2010,2.4590805,
Kosovo,OWID_KOS,2011,1.6763736,
Kosovo,OWID_KOS,2012,0.5652359,
Kosovo,OWID_KOS,2013,0.3190148,
Kosovo,OWID_KOS,2014,0.98826736,
Kosovo,OWID_KOS,2015,0.7227545,
Kosovo,OWID_KOS,2016,0.7646961,
Kosovo,OWID_KOS,2017,0.4402413,
Kyrgyzstan,KGZ,2000,35.135574,
Kyrgyzstan,KGZ,2001,31.372768,
Kyrgyzstan,KGZ,2002,28.296577,
Kyrgyzstan,KGZ,2003,22.342447,
Kyrgyzstan,KGZ,2004,9.888408,
Kyrgyzstan,KGZ,2005,12.056974,
Kyrgyzstan,KGZ,2006,7.2683086,
Kyrgyzstan,KGZ,2007,7.9267187,
Kyrgyzstan,KGZ,2008,2.8706713,
Kyrgyzstan,KGZ,2009,1.362548,
Kyrgyzstan,KGZ,2010,2.8166144,
Kyrgyzstan,KGZ,2011,0.90876335,
Kyrgyzstan,KGZ,2012,2.4821692,
Kyrgyzstan,KGZ,2013,2.2242362,
Kyrgyzstan,KGZ,2014,0.86349875,
Kyrgyzstan,KGZ,2015,1.8334727,
Kyrgyzstan,KGZ,2016,1.0053426,
Kyrgyzstan,KGZ,2017,1.0826184,
Kyrgyzstan,KGZ,2018,0.5698184,
Kyrgyzstan,KGZ,2019,0.5553321,
Kyrgyzstan,KGZ,2020,1.0817316,
Kyrgyzstan,KGZ,2021,0.6360885,
Kyrgyzstan,KGZ,2022,0.25416213,
Laos,LAO,1992,31.114902,
Laos,LAO,1997,50.748276,
Laos,LAO,2002,32.08484,
Laos,LAO,2007,25.728209,
Laos,LAO,2012,14.513418,
Laos,LAO,2018,9.9830885,
Latin America and the Caribbean (PIP),,1990,15.183495,
Latin America and the Caribbean (PIP),,1991,14.661357,
Latin America and the Caribbean (PIP),,1992,14.5545025,
Latin America and the Caribbean (PIP),,1993,14.51194,
Latin America and the Caribbean (PIP),,1994,13.420731,
Latin America and the Caribbean (PIP),,1995,13.129989,
Latin America and the Caribbean (PIP),,1996,14.3824415,
Latin America and the Caribbean (PIP),,1997,14.15414,
Latin America and the Caribbean (PIP),,1998,14.046949,
Latin America and the Caribbean (PIP),,1999,14.283365,
Latin America and the Caribbean (PIP),,2000,13.046798,
Latin America and the Caribbean (PIP),,2001,12.818487,
Latin America and the Caribbean (PIP),,2002,12.101136,
Latin America and the Caribbean (PIP),,2003,11.57181,
Latin America and the Caribbean (PIP),,2004,10.624574,
Latin America and the Caribbean (PIP),,2005,10.081091,
Latin America and the Caribbean (PIP),,2006,8.317588,
Latin America and the Caribbean (PIP),,2007,7.1600027,
Latin America and the Caribbean (PIP),,2008,6.5347366,
Latin America and the Caribbean (PIP),,2009,6.2502346,
Latin America and the Caribbean (PIP),,2010,5.521409,
Latin America and the Caribbean (PIP),,2011,5.082401,
Latin America and the Caribbean (PIP),,2012,4.7700686,
Latin America and the Caribbean (PIP),,2013,4.2592254,
Latin America and the Caribbean (PIP),,2014,3.9967418,
Latin America and the Caribbean (PIP),,2015,3.7586763,
Latin America and the Caribbean (PIP),,2016,3.9572098,
Latin America and the Caribbean (PIP),,2017,3.9650626,
Latin America and the Caribbean (PIP),,2018,3.9130661,
Latin America and the Caribbean (PIP),,2019,3.929807,
Latin America and the Caribbean (PIP),,2020,3.6485903,
Latin America and the Caribbean (PIP),,2021,4.1932654,
Latin America and the Caribbean (PIP),,2022,3.1525176,
Latin America and the Caribbean (PIP),,2023,3.1247365,
Latin America and the Caribbean (PIP),,2024,3.089143,
Latvia,LVA,1993,0.0,
Latvia,LVA,1995,0.0,
Latvia,LVA,1996,1.5270001,
Latvia,LVA,2004,2.40102,
Latvia,LVA,2005,2.2508557,
Latvia,LVA,2006,1.4526762,
Latvia,LVA,2007,0.6203714,
Latvia,LVA,2008,1.2241079,
Latvia,LVA,2009,1.6772118,
Latvia,LVA,2010,1.6360147,
Latvia,LVA,2011,0.96669805,
Latvia,LVA,2012,1.031883,
Latvia,LVA,2013,1.1387619,
Latvia,LVA,2014,0.79135585,
Latvia,LVA,2015,0.6162509,
Latvia,LVA,2016,0.63305706,
Latvia,LVA,2017,0.75205445,
Latvia,LVA,2018,0.34195516,
Latvia,LVA,2019,0.2391008,
Latvia,LVA,2020,0.43336838,
Latvia,LVA,2021,0.39294967,
Lebanon,LBN,2011,0.0,
Lesotho,LSO,1986,49.586998,
Lesotho,LSO,1994,50.39208,
Lesotho,LSO,2002,61.90945,
Lesotho,LSO,2017,27.237371,
Liberia,LBR,2007,71.38499,
Liberia,LBR,2014,41.719894,
Liberia,LBR,2016,44.432568,
Lithuania,LTU,1993,6.606,
Lithuania,LTU,2004,2.707487,
Lithuania,LTU,2005,1.7817268,
Lithuania,LTU,2006,1.5230172,
Lithuania,LTU,2007,1.3395644,
Lithuania,LTU,2008,1.389226,
Lithuania,LTU,2009,2.2432506,
Lithuania,LTU,2010,1.5343399,
Lithuania,LTU,2011,0.70057505,
Lithuania,LTU,2012,0.94779253,
Lithuania,LTU,2013,0.70500815,
Lithuania,LTU,2014,1.262026,
Lithuania,LTU,2015,0.7198586,
Lithuania,LTU,2016,1.2705059,
Lithuania,LTU,2017,1.0225072,
Lithuania,LTU,2018,0.9250136,
Lithuania,LTU,2019,0.54792964,
Lithuania,LTU,2020,0.18947333,
Lithuania,LTU,2021,0.25060093,
Luxembourg,LUX,1985,0.0,
Luxembourg,LUX,1986,0.0,
Luxembourg,LUX,1987,0.0,
Luxembourg,LUX,1988,0.0,
Luxembourg,LUX,1989,0.0,
Luxembourg,LUX,1990,0.0,
Luxembourg,LUX,1991,0.0,
Luxembourg,LUX,1992,0.0,
Luxembourg,LUX,1993,0.0,
Luxembourg,LUX,1994,0.0,
Luxembourg,LUX,1995,0.0,
Luxembourg,LUX,1996,0.0,
Luxembourg,LUX,1997,0.0,
Luxembourg,LUX,1998,0.0,
Luxembourg,LUX,1999,0.0,
Luxembourg,LUX,2000,0.0,
Luxembourg,LUX,2001,0.0,
Luxembourg,LUX,2002,0.0,
Luxembourg,LUX,2003,0.07174669,
Luxembourg,LUX,2004,0.018192332,
Luxembourg,LUX,2005,0.03469405,
Luxembourg,LUX,2006,0.0,
Luxembourg,LUX,2007,0.021916224,
Luxembourg,LUX,2008,0.0,
Luxembourg,LUX,2009,0.04411102,
Luxembourg,LUX,2010,0.0,
Luxembourg,LUX,2011,0.11757935,
Luxembourg,LUX,2012,0.043618947,
Luxembourg,LUX,2013,0.08910331,
Luxembourg,LUX,2014,0.13992491,
Luxembourg,LUX,2015,0.30012453,
Luxembourg,LUX,2016,0.11721951,
Luxembourg,LUX,2017,0.28312987,
Luxembourg,LUX,2018,0.28481787,
Luxembourg,LUX,2019,0.101187475,
Luxembourg,LUX,2020,0.0,
Luxembourg,LUX,2021,0.050036773,
Madagascar,MDG,1980,45.754,
Madagascar,MDG,1993,69.94561,
Madagascar,MDG,1997,66.42858,
Madagascar,MDG,1999,63.917053,
Madagascar,MDG,2001,68.41718,
Madagascar,MDG,2005,71.71954,
Madagascar,MDG,2010,78.17717,
Madagascar,MDG,2012,78.84057,
Malawi,MWI,1997,62.43081,
Malawi,MWI,2004,72.52845,
Malawi,MWI,2010,71.10365,
Malawi,MWI,2016,69.20983,
Malawi,MWI,2019,73.52389,
Malaysia,MYS,1984,1.616,
Malaysia,MYS,1987,0.533,
Malaysia,MYS,1989,0.0,
Malaysia,MYS,1992,0.0,
Malaysia,MYS,1995,0.434,
Malaysia,MYS,1997,0.0,
Malaysia,MYS,2003,1.2276106,
Malaysia,MYS,2006,0.5971929,
Malaysia,MYS,2008,0.55386555,
Malaysia,MYS,2011,0.110371806,
Malaysia,MYS,2013,0.02559008,
Malaysia,MYS,2015,0.011964607,
Malaysia,MYS,2018,0.0078644715,
Malaysia,MYS,2021,0.0,
Maldives,MDV,2002,6.5109253,
Maldives,MDV,2009,3.4525588,
Maldives,MDV,2016,0.0,
Maldives,MDV,2019,0.0,
Mali,MLI,1994,85.29561,
Mali,MLI,2001,58.813812,
Mali,MLI,2006,52.110775,
Mali,MLI,2009,50.29223,
Mali,MLI,2018,16.817982,
Mali,MLI,2021,22.091627,
Malta,MLT,2006,0.44901213,
Malta,MLT,2007,0.4103244,
Malta,MLT,2008,0.109011516,
Malta,MLT,2009,0.35927355,
Malta,MLT,2010,0.19368303,
Malta,MLT,2011,0.1857052,
Malta,MLT,2012,0.11772207,
Malta,MLT,2013,0.029666146,
Malta,MLT,2014,0.0,
Malta,MLT,2015,0.08437797,
Malta,MLT,2016,0.09208711,
Malta,MLT,2017,0.15988651,
Malta,MLT,2018,0.10338061,
Malta,MLT,2019,0.30468178,
Malta,MLT,2020,0.21093956,
Marshall Islands,MHL,2019,0.80837834,
Mauritania,MRT,1987,40.04,
Mauritania,MRT,1993,41.143,
Mauritania,MRT,1995,20.618196,
Mauritania,MRT,2000,20.408222,
Mauritania,MRT,2004,16.898531,
Mauritania,MRT,2008,10.899364,
Mauritania,MRT,2014,5.9651227,
Mauritania,MRT,2019,4.9357786,
Mauritius,MUS,2006,0.42823586,
Mauritius,MUS,2012,0.55453724,
Mauritius,MUS,2017,0.20992926,
Mexico,MEX,1984,8.340374,
Mexico,MEX,1989,8.748324,
Mexico,MEX,1992,7.8959293,
Mexico,MEX,1994,8.027403,
Mexico,MEX,1996,14.027542,
Mexico,MEX,1998,15.298383,
Mexico,MEX,2000,10.693025,
Mexico,MEX,2002,7.5445204,
Mexico,MEX,2004,7.1572742,
Mexico,MEX,2005,7.8277035,
Mexico,MEX,2006,5.409976,
Mexico,MEX,2008,6.043159,
Mexico,MEX,2010,4.7284975,
Mexico,MEX,2012,4.2694626,
Mexico,MEX,2014,4.029696,
Mexico,MEX,2016,2.33396,
Mexico,MEX,2018,1.9001195,
Mexico,MEX,2020,2.1444883,
Mexico,MEX,2022,1.1897726,
Micronesia (country),FSM,2005,8.080606,
Micronesia (country),FSM,2013,15.392921,
Micronesia (country) (urban),,2000,42.25071,
Middle East and North Africa (PIP),,1990,6.775327,
Middle East and North Africa (PIP),,1991,8.494127,
Middle East and North Africa (PIP),,1992,7.009215,
Middle East and North Africa (PIP),,1993,6.211067,
Middle East and North Africa (PIP),,1994,5.90735,
Middle East and North Africa (PIP),,1995,5.8647995,
Middle East and North Africa (PIP),,1996,5.025239,
Middle East and North Africa (PIP),,1997,4.2779994,
Middle East and North Africa (PIP),,1998,3.412195,
Middle East and North Africa (PIP),,1999,2.970028,
Middle East and North Africa (PIP),,2000,2.5311208,
Middle East and North Africa (PIP),,2001,2.6860268,
Middle East and North Africa (PIP),,2002,2.8552744,
Middle East and North Africa (PIP),,2003,3.5599165,
Middle East and North Africa (PIP),,2004,3.0879292,
Middle East and North Africa (PIP),,2005,3.0522141,
Middle East and North Africa (PIP),,2006,2.9025946,
Middle East and North Africa (PIP),,2007,2.8771617,
Middle East and North Africa (PIP),,2008,2.7927954,
Middle East and North Africa (PIP),,2009,2.418998,
Middle East and North Africa (PIP),,2010,2.0997367,
Middle East and North Africa (PIP),,2011,2.2361164,
Middle East and North Africa (PIP),,2012,2.3306646,
Middle East and North Africa (PIP),,2013,2.5816247,
Middle East and North Africa (PIP),,2014,2.888648,
Middle East and North Africa (PIP),,2015,3.6894712,
Middle East and North Africa (PIP),,2016,4.4272547,
Middle East and North Africa (PIP),,2017,4.799715,
Middle East and North Africa (PIP),,2018,4.812368,
Middle East and North Africa (PIP),,2019,4.670609,
Middle East and North Africa (PIP),,2020,5.423267,
Middle East and North Africa (PIP),,2021,5.9878345,
Middle East and North Africa (PIP),,2022,6.0526137,
Middle East and North Africa (PIP),,2023,6.3921223,
Middle East and North Africa (PIP),,2024,6.7299314,
Moldova,MDA,1997,15.358194,
Moldova,MDA,1998,26.889742,
Moldova,MDA,1999,37.985516,
Moldova,MDA,2000,35.085945,
Moldova,MDA,2001,26.93625,
Moldova,MDA,2002,16.077335,
Moldova,MDA,2003,7.3710947,
Moldova,MDA,2004,8.393498,
Moldova,MDA,2005,13.215322,
Moldova,MDA,2006,2.37471,
Moldova,MDA,2007,1.084118,
Moldova,MDA,2008,1.2470587,
Moldova,MDA,2009,0.9926048,
Moldova,MDA,2010,0.5114906,
Moldova,MDA,2011,0.27053553,
Moldova,MDA,2012,0.3398075,
Moldova,MDA,2013,0.08480973,
Moldova,MDA,2014,0.0,
Moldova,MDA,2015,0.031209245,
Moldova,MDA,2016,0.16489004,
Moldova,MDA,2017,0.061244413,
Moldova,MDA,2018,0.018238723,
Moldova,MDA,2019,0.02864514,
Moldova,MDA,2021,0.025882429,
Mongolia,MNG,1995,12.09,
Mongolia,MNG,1998,24.424,
Mongolia,MNG,2002,9.480085,
Mongolia,MNG,2007,1.2128028,
Mongolia,MNG,2010,0.7322604,
Mongolia,MNG,2011,0.5045542,
Mongolia,MNG,2012,0.35253116,
Mongolia,MNG,2014,0.2109302,
Mongolia,MNG,2016,0.47029305,
Mongolia,MNG,2018,0.49451712,
Mongolia,MNG,2022,0.14475821,
Montenegro,MNE,2012,3.3520017,
Montenegro,MNE,2013,3.1649091,
Montenegro,MNE,2014,1.7431378,
Montenegro,MNE,2015,1.4213183,
Montenegro,MNE,2016,2.5046039,
Montenegro,MNE,2017,3.3697088,
Montenegro,MNE,2018,2.8828115,
Montenegro,MNE,2019,1.9976742,
Montenegro,MNE,2020,1.7992815,
Montenegro,MNE,2021,2.019356,
Morocco,MAR,1984,10.609,
Morocco,MAR,1990,2.9372768,
Morocco,MAR,1998,6.3667164,
Morocco,MAR,2000,5.8274865,
Morocco,MAR,2006,2.9744363,
Morocco,MAR,2013,0.9231883,
Mozambique,MOZ,1996,81.970795,
Mozambique,MOZ,2002,79.81405,
Mozambique,MOZ,2008,69.6529,
Mozambique,MOZ,2014,63.68099,
Mozambique,MOZ,2019,73.51496,
Myanmar,MMR,2015,4.7656274,
Myanmar,MMR,2017,1.3640257,
Namibia,NAM,1993,51.56,
Namibia,NAM,2003,32.592644,
Namibia,NAM,2009,23.474628,
Namibia,NAM,2015,13.789399,
Nauru,NRU,2012,1.0149255,
Nepal,NPL,1984,78.227005,
Nepal,NPL,1995,66.02923,
Nepal,NPL,2003,49.902634,
Nepal,NPL,2010,14.98875,
Nepal,NPL,2022,1.3820746,
Netherlands,NLD,1983,0.45828018,
Netherlands,NLD,1987,0.24944825,
Netherlands,NLD,1990,0.9527308,
Netherlands,NLD,1993,0.97140557,
Netherlands,NLD,1999,0.20289831,
Netherlands,NLD,2004,0.23587565,
Netherlands,NLD,2005,0.14832005,
Netherlands,NLD,2006,0.045792855,
Netherlands,NLD,2007,0.02863133,
Netherlands,NLD,2008,0.13360895,
Netherlands,NLD,2009,0.1107701,
Netherlands,NLD,2010,0.047438905,
Netherlands,NLD,2011,0.09605309,
Netherlands,NLD,2012,0.07584219,
Netherlands,NLD,2013,0.08687879,
Netherlands,NLD,2014,0.05771296,
Netherlands,NLD,2015,0.052777182,
Netherlands,NLD,2016,0.045917112,
Netherlands,NLD,2017,0.18876624,
Netherlands,NLD,2018,0.09979579,
Netherlands,NLD,2019,0.0957287,
Netherlands,NLD,2020,0.02796322,
Netherlands,NLD,2021,0.06971744,
Nicaragua,NIC,1993,36.723305,
Nicaragua,NIC,1998,24.517506,
Nicaragua,NIC,2001,16.89169,
Nicaragua,NIC,2005,8.477141,
Nicaragua,NIC,2009,7.417797,
Nicaragua,NIC,2014,3.4082878,
Niger,NER,1992,78.865,
Niger,NER,1994,81.62137,
Niger,NER,2005,75.27031,
Niger,NER,2007,72.35634,
Niger,NER,2011,50.63859,
Niger,NER,2014,45.39609,
Niger,NER,2018,41.23457,
Niger,NER,2021,40.303215,
Nigeria,NGA,1985,55.510002,
Nigeria,NGA,1992,58.568527,
Nigeria,NGA,1996,64.87585,
Nigeria,NGA,2003,55.937534,
Nigeria,NGA,2010,43.54469,
Nigeria,NGA,2012,42.4956,
Nigeria,NGA,2015,40.75628,
Nigeria,NGA,2018,39.093597,
North Macedonia,MKD,2009,9.789037,
North Macedonia,MKD,2010,10.448227,
North Macedonia,MKD,2011,9.087074,
North Macedonia,MKD,2012,6.9127917,
North Macedonia,MKD,2013,5.2256985,
North Macedonia,MKD,2014,4.525774,
North Macedonia,MKD,2015,5.538926,
North Macedonia,MKD,2016,4.330195,
North Macedonia,MKD,2017,4.5550623,
North Macedonia,MKD,2018,3.3985562,
North Macedonia,MKD,2019,2.7798479,
Norway,NOR,1979,0.22752123,
Norway,NOR,1986,0.24487592,
Norway,NOR,1991,0.23943663,
Norway,NOR,1995,0.22356892,
Norway,NOR,2000,0.23508184,
Norway,NOR,2003,0.19124167,
Norway,NOR,2004,0.2648449,
Norway,NOR,2005,0.20196272,
Norway,NOR,2006,0.13099638,
Norway,NOR,2007,0.111966036,
Norway,NOR,2008,0.2267255,
Norway,NOR,2009,0.059271354,
Norway,NOR,2010,0.15098813,
Norway,NOR,2011,0.085772306,
Norway,NOR,2012,0.117306806,
Norway,NOR,2013,0.13043559,
Norway,NOR,2014,0.11292123,
Norway,NOR,2015,0.14778395,
Norway,NOR,2016,0.25065976,
Norway,NOR,2017,0.251494,
Norway,NOR,2018,0.25446132,
Norway,NOR,2019,0.15653396,
Other high income countries (PIP),,1990,0.42424387,"e.g. US, Western Europe, Australia, Japan, South Korea and Saudi Arabia"
Other high income countries (PIP),,1991,0.44312072,"e.g. US, Western Europe, Australia, Japan, South Korea and Saudi Arabia"
Other high income countries (PIP),,1992,0.47947234,"e.g. US, Western Europe, Australia, Japan, South Korea and Saudi Arabia"
Other high income countries (PIP),,1993,0.5410998,"e.g. US, Western Europe, Australia, Japan, South Korea and Saudi Arabia"
Other high income countries (PIP),,1994,0.52863324,"e.g. US, Western Europe, Australia, Japan, South Korea and Saudi Arabia"
Other high income countries (PIP),,1995,0.508889,"e.g. US, Western Europe, Australia, Japan, South Korea and Saudi Arabia"
Other high income countries (PIP),,1996,0.48286667,"e.g. US, Western Europe, Australia, Japan, South Korea and Saudi Arabia"
Other high income countries (PIP),,1997,0.54947656,"e.g. US, Western Europe, Australia, Japan, South Korea and Saudi Arabia"
Other high income countries (PIP),,1998,0.5534886,"e.g. US, Western Europe, Australia, Japan, South Korea and Saudi Arabia"
Other high income countries (PIP),,1999,0.5201113,"e.g. US, Western Europe, Australia, Japan, South Korea and Saudi Arabia"
Other high income countries (PIP),,2000,0.48948246,"e.g. US, Western Europe, Australia, Japan, South Korea and Saudi Arabia"
Other high income countries (PIP),,2001,0.50372314,"e.g. US, Western Europe, Australia, Japan, South Korea and Saudi Arabia"
Other high income countries (PIP),,2002,0.5046142,"e.g. US, Western Europe, Australia, Japan, South Korea and Saudi Arabia"
Other high income countries (PIP),,2003,0.55616105,"e.g. US, Western Europe, Australia, Japan, South Korea and Saudi Arabia"
Other high income countries (PIP),,2004,0.52404094,"e.g. US, Western Europe, Australia, Japan, South Korea and Saudi Arabia"
Other high income countries (PIP),,2005,0.524682,"e.g. US, Western Europe, Australia, Japan, South Korea and Saudi Arabia"
Other high income countries (PIP),,2006,0.51180977,"e.g. US, Western Europe, Australia, Japan, South Korea and Saudi Arabia"
Other high income countries (PIP),,2007,0.49968833,"e.g. US, Western Europe, Australia, Japan, South Korea and Saudi Arabia"
Other high income countries (PIP),,2008,0.5092362,"e.g. US, Western Europe, Australia, Japan, South Korea and Saudi Arabia"
Other high income countries (PIP),,2009,0.51940024,"e.g. US, Western Europe, Australia, Japan, South Korea and Saudi Arabia"
Other high income countries (PIP),,2010,0.507779,"e.g. US, Western Europe, Australia, Japan, South Korea and Saudi Arabia"
Other high income countries (PIP),,2011,0.5516754,"e.g. US, Western Europe, Australia, Japan, South Korea and Saudi Arabia"
Other high income countries (PIP),,2012,0.5778831,"e.g. US, Western Europe, Australia, Japan, South Korea and Saudi Arabia"
Other high income countries (PIP),,2013,0.6385909,"e.g. US, Western Europe, Australia, Japan, South Korea and Saudi Arabia"
Other high income countries (PIP),,2014,0.6813218,"e.g. US, Western Europe, Australia, Japan, South Korea and Saudi Arabia"
Other high income countries (PIP),,2015,0.73756945,"e.g. US, Western Europe, Australia, Japan, South Korea and Saudi Arabia"
Other high income countries (PIP),,2016,0.6361979,"e.g. US, Western Europe, Australia, Japan, South Korea and Saudi Arabia"
Other high income countries (PIP),,2017,0.69732666,"e.g. US, Western Europe, Australia, Japan, South Korea and Saudi Arabia"
Other high income countries (PIP),,2018,0.6190039,"e.g. US, Western Europe, Australia, Japan, South Korea and Saudi Arabia"
Other high income countries (PIP),,2019,0.5998596,"e.g. US, Western Europe, Australia, Japan, South Korea and Saudi Arabia"
Other high income countries (PIP),,2020,0.36401966,"e.g. US, Western Europe, Australia, Japan, South Korea and Saudi Arabia"
Other high income countries (PIP),,2021,0.32279435,"e.g. US, Western Europe, Australia, Japan, South Korea and Saudi Arabia"
Other high income countries (PIP),,2022,0.6376542,"e.g. US, Western Europe, Australia, Japan, South Korea and Saudi Arabia"
Other high income countries (PIP),,2023,0.6380836,"e.g. US, Western Europe, Australia, Japan, South Korea and Saudi Arabia"
Other high income countries (PIP),,2024,0.6366317,"e.g. US, Western Europe, Australia, Japan, South Korea and Saudi Arabia"
Pakistan,PAK,1987,64.11394,
Pakistan,PAK,1990,60.631775,
Pakistan,PAK,1996,18.287071,
Pakistan,PAK,1998,25.44145,
Pakistan,PAK,2001,28.236658,
Pakistan,PAK,2004,16.713474,
Pakistan,PAK,2005,16.646255,
Pakistan,PAK,2007,11.886227,
Pakistan,PAK,2010,7.36349,
Pakistan,PAK,2011,7.233249,
Pakistan,PAK,2013,5.7205076,
Pakistan,PAK,2015,3.7622895,
Pakistan,PAK,2018,3.5883021,
Palestine,PSE,2004,0.7504196,
Palestine,PSE,2005,0.7281807,
Palestine,PSE,2006,0.31365532,
Palestine,PSE,2007,1.4735671,
Palestine,PSE,2009,0.2966662,
Palestine,PSE,2010,0.17492117,
Palestine,PSE,2011,0.18903968,
Palestine,PSE,2016,0.82804906,
Panama,PAN,1979,8.073,
Panama,PAN,1989,23.725616,
Panama,PAN,1991,21.812305,
Panama,PAN,1995,16.27522,
Panama,PAN,1997,15.007591,
Panama,PAN,1998,15.105999,
Panama,PAN,1999,13.390963,
Panama,PAN,2000,12.237772,
Panama,PAN,2001,15.368266,
Panama,PAN,2002,11.022556,
Panama,PAN,2003,11.0456295,
Panama,PAN,2004,10.109391,
Panama,PAN,2005,9.942421,
Panama,PAN,2006,10.50749,
Panama,PAN,2007,7.7734566,
Panama,PAN,2008,5.214043,
Panama,PAN,2009,3.166969,
Panama,PAN,2010,4.4862237,
Panama,PAN,2011,3.0403244,
Panama,PAN,2012,4.122859,
Panama,PAN,2013,2.7864873,
Panama,PAN,2014,3.5108943,
Panama,PAN,2015,1.9789226,
Panama,PAN,2016,2.1956499,
Panama,PAN,2017,2.5231097,
Panama,PAN,2018,1.7036501,
Panama,PAN,2019,1.2177287,
Panama,PAN,2021,1.5158182,
Panama,PAN,2023,1.7388927,
Papua New Guinea,PNG,1996,50.906857,
Papua New Guinea,PNG,2009,38.032364,
Paraguay,PRY,1990,1.0452505,
Paraguay,PRY,1995,11.852085,
Paraguay,PRY,1997,10.35109,
Paraguay,PRY,1999,9.89887,
Paraguay,PRY,2001,8.552267,
Paraguay,PRY,2002,12.756727,
Paraguay,PRY,2003,7.7886558,
Paraguay,PRY,2004,5.374692,
Paraguay,PRY,2005,5.8475304,
Paraguay,PRY,2006,7.5688252,
Paraguay,PRY,2007,7.435413,
Paraguay,PRY,2008,3.9166121,
Paraguay,PRY,2009,5.4366856,
Paraguay,PRY,2010,5.1937647,
Paraguay,PRY,2011,4.6275797,
Paraguay,PRY,2012,3.1747844,
Paraguay,PRY,2013,1.6760925,
Paraguay,PRY,2014,2.219049,
Paraguay,PRY,2015,1.7097408,
Paraguay,PRY,2016,1.5184275,
Paraguay,PRY,2017,0.8876266,
Paraguay,PRY,2018,1.3130467,
Paraguay,PRY,2019,0.9493498,
Paraguay,PRY,2020,0.763595,
Paraguay,PRY,2021,0.6806339,
Paraguay,PRY,2022,1.2127261,
Peru,PER,1997,17.34898,
Peru,PER,1998,16.438255,
Peru,PER,1999,17.040667,
Peru,PER,2000,16.355814,
Peru,PER,2001,17.347355,
Peru,PER,2002,15.0759535,
Peru,PER,2003,11.954076,
Peru,PER,2004,13.55158,
Peru,PER,2005,15.440848,
Peru,PER,2006,13.453089,
Peru,PER,2007,11.114385,
Peru,PER,2008,9.069935,
Peru,PER,2009,7.053444,
Peru,PER,2010,5.5047226,
Peru,PER,2011,5.21489,
Peru,PER,2012,4.79985,
Peru,PER,2013,4.3464446,
Peru,PER,2014,3.720301,
Peru,PER,2015,3.6196485,
Peru,PER,2016,3.5148695,
Peru,PER,2017,3.4185517,
Peru,PER,2018,2.6955023,
Peru,PER,2019,2.2365804,
Peru,PER,2020,4.420192,
Peru,PER,2021,2.0239642,
Peru,PER,2022,2.0472937,
Philippines,PHL,1985,27.793,
Philippines,PHL,1988,24.825274,
Philippines,PHL,1991,26.317999,
Philippines,PHL,1994,24.730999,
Philippines,PHL,1997,17.420582,
Philippines,PHL,2000,14.3195715,
Philippines,PHL,2003,12.939344,
Philippines,PHL,2006,14.447112,
Philippines,PHL,2009,10.4496565,
Philippines,PHL,2012,11.825411,
Philippines,PHL,2015,7.7856226,
Philippines,PHL,2018,4.678952,
Philippines,PHL,2021,6.3478036,
Poland,POL,1985,0.0,
Poland,POL,1986,0.24560685,
Poland,POL,1987,0.0,
Poland,POL,1989,0.0,
Poland,POL,1992,0.22361158,
Poland,POL,1995,1.4901539,
Poland,POL,1999,0.49605262,
Poland,POL,2004,2.0887775,
Poland,POL,2005,0.87677574,
Poland,POL,2006,0.5963384,
Poland,POL,2007,0.4388037,
Poland,POL,2008,0.15521187,
Poland,POL,2009,0.31295395,
Poland,POL,2010,0.32964426,
Poland,POL,2011,0.31433323,
Poland,POL,2012,0.19502151,
Poland,POL,2013,0.3706493,
Poland,POL,2014,0.32232472,
Poland,POL,2015,0.41079423,
Poland,POL,2016,0.23679398,
Poland,POL,2017,0.33778393,
Poland,POL,2018,0.23990501,
Poland,POL,2019,0.058657497,
Poland,POL,2020,0.12367776,
Poland,POL,2021,0.096632935,
Portugal,PRT,2003,0.8958964,
Portugal,PRT,2004,0.48064017,
Portugal,PRT,2005,0.5332927,
Portugal,PRT,2006,0.092665896,
Portugal,PRT,2007,0.25771353,
Portugal,PRT,2008,0.13725239,
Portugal,PRT,2009,0.16589662,
Portugal,PRT,2010,0.13645983,
Portugal,PRT,2011,0.5013512,
Portugal,PRT,2012,0.65542996,
Portugal,PRT,2013,0.820292,
Portugal,PRT,2014,0.5274395,
Portugal,PRT,2015,0.48239422,
Portugal,PRT,2016,0.374637,
Portugal,PRT,2017,0.41049597,
Portugal,PRT,2018,0.28962857,
Portugal,PRT,2019,0.14872062,
Portugal,PRT,2020,0.3329526,
Portugal,PRT,2021,0.22650385,
Qatar,QAT,2017,0.0,
Romania,ROU,1989,0.0,
Romania,ROU,1992,0.0,
Romania,ROU,1994,8.619,
Romania,ROU,1995,1.4987289,
Romania,ROU,1997,1.9960867,
Romania,ROU,2006,6.627157,
Romania,ROU,2007,4.9409227,
Romania,ROU,2008,3.740128,
Romania,ROU,2009,2.809703,
Romania,ROU,2010,3.8369234,
Romania,ROU,2011,4.9267626,
Romania,ROU,2012,5.586744,
Romania,ROU,2013,6.045636,
Romania,ROU,2014,6.531066,
Romania,ROU,2015,4.557598,
Romania,ROU,2016,2.8483806,
Romania,ROU,2017,3.0722563,
Romania,ROU,2018,2.3703775,
Romania,ROU,2019,2.041412,
Romania,ROU,2020,1.3307227,
Romania,ROU,2021,1.7076554,
Russia,RUS,1993,3.711,
Russia,RUS,1996,4.823,
Russia,RUS,1997,1.595462,
Russia,RUS,1998,2.3829396,
Russia,RUS,1999,4.5491185,
Russia,RUS,2000,3.0925965,
Russia,RUS,2001,1.8354567,
Russia,RUS,2002,1.0699311,
Russia,RUS,2003,1.1401551,
Russia,RUS,2004,1.0391136,
Russia,RUS,2005,0.82002395,
Russia,RUS,2006,0.46304375,
Russia,RUS,2007,0.21221179,
Russia,RUS,2008,0.09708619,
Russia,RUS,2009,0.07107739,
Russia,RUS,2010,0.0875293,
Russia,RUS,2011,0.03983736,
Russia,RUS,2012,0.034083027,
Russia,RUS,2013,0.009683416,
Russia,RUS,2014,0.021605946,
Russia,RUS,2015,0.034116708,
Russia,RUS,2016,0.029213404,
Russia,RUS,2017,0.043294232,
Russia,RUS,2018,0.031218832,
Russia,RUS,2019,0.031592425,
Russia,RUS,2020,0.010298438,
Rwanda,RWA,2000,78.002106,
Rwanda,RWA,2005,69.12612,
Rwanda,RWA,2010,63.20037,
Rwanda,RWA,2013,57.897346,
Rwanda,RWA,2016,56.51603,
Rwanda (rural),,1984,64.305,
Saint Lucia,LCA,1995,34.678997,
Saint Lucia,LCA,2015,4.7171345,
Samoa,WSM,2002,2.0445964,
Samoa,WSM,2008,0.6203337,
Samoa,WSM,2013,1.1397007,
Sao Tome and Principe,STP,2000,31.379124,
Sao Tome and Principe,STP,2010,34.593292,
Sao Tome and Principe,STP,2017,25.568441,
Senegal,SEN,1991,68.369,
Senegal,SEN,1994,57.480003,
Senegal,SEN,2001,49.487766,
Senegal,SEN,2005,38.29409,
Senegal,SEN,2011,38.527794,
Senegal,SEN,2018,7.683351,
Senegal,SEN,2021,8.4530735,
Serbia,SRB,2012,5.340191,
Serbia,SRB,2013,5.8431945,
Serbia,SRB,2014,6.93542,
Serbia,SRB,2015,6.6467104,
Serbia,SRB,2016,6.3563867,
Serbia,SRB,2017,5.405214,
Serbia,SRB,2018,2.9232728,
Serbia,SRB,2019,2.3344426,
Serbia,SRB,2020,1.5649786,
Serbia,SRB,2021,1.2428293,
Seychelles,SYC,1999,0.7582651,
Seychelles,SYC,2006,0.37248194,
Seychelles,SYC,2013,1.1526102,
Seychelles,SYC,2018,0.45268512,
Sierra Leone,SLE,2003,73.0161,
Sierra Leone,SLE,2011,54.670692,
Sierra Leone,SLE,2018,42.99102,
Slovakia,SVK,1992,0.0,
Slovakia,SVK,1996,1.2442178,
Slovakia,SVK,2004,0.06723545,
Slovakia,SVK,2005,0.23737435,
Slovakia,SVK,2006,0.22897787,
Slovakia,SVK,2007,0.31227088,
Slovakia,SVK,2008,0.4077014,
Slovakia,SVK,2009,0.37594205,
Slovakia,SVK,2010,0.4951079,
Slovakia,SVK,2011,0.4238608,
Slovakia,SVK,2012,0.31302837,
Slovakia,SVK,2013,0.28149927,
Slovakia,SVK,2014,0.62904453,
Slovakia,SVK,2015,0.66175985,
Slovakia,SVK,2016,1.3311232,
Slovakia,SVK,2017,0.18951225,
Slovakia,SVK,2018,0.16945708,
Slovakia,SVK,2019,0.09999407,
Slovakia,SVK,2020,0.20435098,
Slovakia,SVK,2021,0.08448757,
Slovenia,SVN,1987,0.0,
Slovenia,SVN,1993,0.0,
Slovenia,SVN,1997,0.0,
Slovenia,SVN,1999,0.0,
Slovenia,SVN,2004,0.025957223,
Slovenia,SVN,2005,0.093544,
Slovenia,SVN,2006,0.05046054,
Slovenia,SVN,2007,0.03234887,
Slovenia,SVN,2008,0.0,
Slovenia,SVN,2009,0.0,
Slovenia,SVN,2010,0.009157744,
Slovenia,SVN,2011,0.0,
Slovenia,SVN,2012,0.026254445,
Slovenia,SVN,2013,0.021756856,
Slovenia,SVN,2014,0.0,
Slovenia,SVN,2015,0.004852958,
Slovenia,SVN,2016,0.0,
Slovenia,SVN,2017,0.0,
Slovenia,SVN,2018,0.0,
Slovenia,SVN,2019,0.0,
Slovenia,SVN,2020,0.0,
Slovenia,SVN,2021,0.0,
Solomon Islands,SLB,2005,48.629684,
Solomon Islands,SLB,2012,24.657948,
South Africa,ZAF,1993,31.484,
South Africa,ZAF,2000,34.777,
South Africa,ZAF,2005,25.689274,
South Africa,ZAF,2008,16.741993,
South Africa,ZAF,2010,16.143618,
South Africa,ZAF,2014,18.720943,
South Asia (PIP),,1990,49.833958,
South Asia (PIP),,1991,48.461525,
South Asia (PIP),,1992,46.671036,
South Asia (PIP),,1993,46.032986,
South Asia (PIP),,1994,44.46611,
South Asia (PIP),,1995,43.67094,
South Asia (PIP),,1996,42.103893,
South Asia (PIP),,1997,41.67858,
South Asia (PIP),,1998,41.59454,
South Asia (PIP),,1999,40.917984,
South Asia (PIP),,2000,40.602585,
South Asia (PIP),,2001,40.41774,
South Asia (PIP),,2002,40.092724,
South Asia (PIP),,2003,38.723145,
South Asia (PIP),,2004,37.048885,
South Asia (PIP),,2005,35.370182,
South Asia (PIP),,2006,33.65107,
South Asia (PIP),,2007,31.98827,
South Asia (PIP),,2008,30.841377,
South Asia (PIP),,2009,29.44961,
South Asia (PIP),,2010,25.289232,
South Asia (PIP),,2011,21.474318,
South Asia (PIP),,2012,19.739563,
South Asia (PIP),,2013,18.813429,
South Asia (PIP),,2014,17.722897,
South Asia (PIP),,2015,16.493425,
South Asia (PIP),,2016,15.690935,
South Asia (PIP),,2017,12.509918,
South Asia (PIP),,2018,9.991409,
South Asia (PIP),,2019,10.492264,
South Asia (PIP),,2020,12.8912525,
South Asia (PIP),,2021,11.362218,
South Asia (PIP),,2022,9.620917,
South Asia (PIP),,2023,8.563469,
South Asia (PIP),,2024,7.4756823,
South Korea,KOR,2006,0.24944234,
South Korea,KOR,2008,0.24275911,
South Korea,KOR,2010,0.4958997,
South Korea,KOR,2012,0.24928062,
South Korea,KOR,2014,0.23564287,
South Korea,KOR,2016,0.24729006,
South Korea,KOR,2017,0.24032742,
South Korea,KOR,2018,0.24876693,
South Korea,KOR,2019,0.0,
South Korea,KOR,2020,0.0,
South Korea,KOR,2021,0.0,
South Sudan,SSD,2009,44.87714,
South Sudan,SSD,2016,76.503784,
Spain,ESP,1980,0.4969268,
Spain,ESP,1985,0.23731555,
Spain,ESP,1990,0.4944265,
Spain,ESP,1993,1.2375659,
Spain,ESP,1994,1.2453303,
Spain,ESP,1995,1.4823424,
Spain,ESP,1996,1.4911164,
Spain,ESP,1997,0.9859978,
Spain,ESP,1998,0.95270455,
Spain,ESP,1999,0.720118,
Spain,ESP,2000,0.67538816,
Spain,ESP,2003,0.81873715,
Spain,ESP,2004,0.8410938,
Spain,ESP,2005,0.75842196,
Spain,ESP,2006,0.76963174,
Spain,ESP,2007,0.41055655,
Spain,ESP,2008,0.5304082,
Spain,ESP,2009,0.8129049,
Spain,ESP,2010,0.68266636,
Spain,ESP,2011,1.144436,
Spain,ESP,2012,0.9489589,
Spain,ESP,2013,1.1567796,
Spain,ESP,2014,0.84023196,
Spain,ESP,2015,0.9414835,
Spain,ESP,2016,1.1694342,
Spain,ESP,2017,0.68775684,
Spain,ESP,2018,0.87745756,
Spain,ESP,2019,0.7948609,
Spain,ESP,2020,0.8970349,
Spain,ESP,2021,0.5642503,
Sri Lanka,LKA,1985,14.473001,
Sri Lanka,LKA,1990,9.301689,
Sri Lanka,LKA,1995,9.510782,
Sri Lanka,LKA,2002,8.760297,
Sri Lanka,LKA,2006,4.41673,
Sri Lanka,LKA,2009,2.8332522,
Sri Lanka,LKA,2012,1.907302,
Sri Lanka,LKA,2016,0.9453691,
Sri Lanka,LKA,2019,0.61606175,
Sub-Saharan Africa (PIP),,1990,56.377483,
Sub-Saharan Africa (PIP),,1991,57.682384,
Sub-Saharan Africa (PIP),,1992,58.667244,
Sub-Saharan Africa (PIP),,1993,59.804523,
Sub-Saharan Africa (PIP),,1994,60.070877,
Sub-Saharan Africa (PIP),,1995,59.658676,
Sub-Saharan Africa (PIP),,1996,59.11174,
Sub-Saharan Africa (PIP),,1997,58.781616,
Sub-Saharan Africa (PIP),,1998,58.660934,
Sub-Saharan Africa (PIP),,1999,58.43224,
Sub-Saharan Africa (PIP),,2000,58.09769,
Sub-Saharan Africa (PIP),,2001,57.19217,
Sub-Saharan Africa (PIP),,2002,56.59844,
Sub-Saharan Africa (PIP),,2003,55.57549,
Sub-Saharan Africa (PIP),,2004,52.824657,
Sub-Saharan Africa (PIP),,2005,51.18785,
Sub-Saharan Africa (PIP),,2006,49.74519,
Sub-Saharan Africa (PIP),,2007,48.74129,
Sub-Saharan Africa (PIP),,2008,47.42061,
Sub-Saharan Africa (PIP),,2009,46.988243,
Sub-Saharan Africa (PIP),,2010,45.333683,
Sub-Saharan Africa (PIP),,2011,44.266735,
Sub-Saharan Africa (PIP),,2012,43.18208,
Sub-Saharan Africa (PIP),,2013,42.325912,
Sub-Saharan Africa (PIP),,2014,41.536556,
Sub-Saharan Africa (PIP),,2015,41.539974,
Sub-Saharan Africa (PIP),,2016,41.295113,
Sub-Saharan Africa (PIP),,2017,40.783554,
Sub-Saharan Africa (PIP),,2018,40.134743,
Sub-Saharan Africa (PIP),,2019,39.853172,
Sub-Saharan Africa (PIP),,2020,41.109993,
Sub-Saharan Africa (PIP),,2021,40.786057,
Sub-Saharan Africa (PIP),,2022,40.185406,
Sub-Saharan Africa (PIP),,2023,40.135612,
Sub-Saharan Africa (PIP),,2024,39.66948,
Sudan,SDN,2009,15.699814,
Sudan,SDN,2014,12.163968,
Suriname,SUR,2022,2.197459,
Suriname (urban),,1999,21.133413,
Sweden,SWE,1975,0.49898672,
Sweden,SWE,1981,0.24968058,
Sweden,SWE,1987,0.24625531,
Sweden,SWE,1992,0.2435132,
Sweden,SWE,1995,0.24724913,
Sweden,SWE,2000,0.0,
Sweden,SWE,2001,0.24867782,
Sweden,SWE,2002,0.0,
Sweden,SWE,2003,0.32370964,
Sweden,SWE,2004,0.3842694,
Sweden,SWE,2005,1.0364952,
Sweden,SWE,2006,0.3454837,
Sweden,SWE,2007,0.41083917,
Sweden,SWE,2008,0.5527941,
Sweden,SWE,2009,0.4280636,
Sweden,SWE,2010,0.49084285,
Sweden,SWE,2011,0.5324602,
Sweden,SWE,2012,0.45700213,
Sweden,SWE,2013,0.63708377,
Sweden,SWE,2014,0.46607676,
Sweden,SWE,2015,0.43825144,
Sweden,SWE,2016,0.26145265,
Sweden,SWE,2017,0.24834995,
Sweden,SWE,2018,0.6933784,
Sweden,SWE,2019,0.26851812,
Sweden,SWE,2020,0.37486294,
Sweden,SWE,2021,0.62501186,
Switzerland,CHE,1982,0.69740707,
Switzerland,CHE,1992,0.49456292,
Switzerland,CHE,2000,0.0,
Switzerland,CHE,2002,0.0,
Switzerland,CHE,2004,0.0,
Switzerland,CHE,2006,0.046570357,
Switzerland,CHE,2007,0.0208164,
Switzerland,CHE,2008,0.068479605,
Switzerland,CHE,2009,0.038057733,
Switzerland,CHE,2010,0.048670206,
Switzerland,CHE,2011,0.0031113164,
Switzerland,CHE,2012,0.008965495,
Switzerland,CHE,2013,0.042183742,
Switzerland,CHE,2014,0.032768063,
Switzerland,CHE,2015,0.030542554,
Switzerland,CHE,2016,0.03427533,
Switzerland,CHE,2017,0.0,
Switzerland,CHE,2018,0.03050398,
Switzerland,CHE,2019,0.017386846,
Switzerland,CHE,2020,0.037200913,
Syria,SYR,1996,2.1053345,
Syria,SYR,2003,0.89961684,
Syria,SYR,2006,1.1439999,
Syria,SYR,2009,0.57100004,
Syria,SYR,2022,22.816723,
Taiwan,TWN,1981,0.0,
Taiwan,TWN,1986,0.0,
Taiwan,TWN,1991,0.0,
Taiwan,TWN,1995,0.24722053,
Taiwan,TWN,1997,0.0,
Taiwan,TWN,2000,0.0,
Taiwan,TWN,2005,0.0,
Taiwan,TWN,2007,0.0,
Taiwan,TWN,2010,0.0,
Taiwan,TWN,2013,0.0,
Taiwan,TWN,2016,0.0,
Taiwan,TWN,2017,0.0,
Taiwan,TWN,2018,0.0,
Taiwan,TWN,2019,0.0,
Taiwan,TWN,2020,0.0,
Taiwan,TWN,2021,0.0,
Tajikistan,TJK,1999,50.633724,
Tajikistan,TJK,2003,27.007107,
Tajikistan,TJK,2004,13.268919,
Tajikistan,TJK,2007,9.228642,
Tajikistan,TJK,2009,3.9533217,
Tajikistan,TJK,2015,4.1207185,
Tanzania,TZA,1991,72.32689,
Tanzania,TZA,2000,86.23008,
Tanzania,TZA,2007,60.250957,
Tanzania,TZA,2011,49.637978,
Tanzania,TZA,2018,49.365055,
Thailand,THA,1981,18.862,
Thailand,THA,1988,13.392,
Thailand,THA,1990,9.165596,
Thailand,THA,1992,6.5557046,
Thailand,THA,1994,3.1311994,
Thailand,THA,1996,2.1836944,
Thailand,THA,1998,1.4545773,
Thailand,THA,1999,2.537322,
Thailand,THA,2000,2.4017107,
Thailand,THA,2002,1.1105685,
Thailand,THA,2004,0.7245485,
Thailand,THA,2006,0.6778131,
Thailand,THA,2007,0.33570084,
Thailand,THA,2008,0.13828409,
Thailand,THA,2009,0.16798972,
Thailand,THA,2010,0.13286878,
Thailand,THA,2011,0.04406722,
Thailand,THA,2012,0.056059998,
Thailand,THA,2013,0.03922005,
Thailand,THA,2014,0.032229662,
Thailand,THA,2015,0.025625138,
Thailand,THA,2016,0.02727074,
Thailand,THA,2017,0.029878575,
Thailand,THA,2018,0.024062226,
Thailand,THA,2019,0.07889203,
Thailand,THA,2020,0.043488007,
Thailand,THA,2021,0.008220149,
Togo,TGO,2006,56.549274,
Togo,TGO,2011,55.0192,
Togo,TGO,2015,51.14404,
Togo,TGO,2018,24.336187,
Togo,TGO,2021,21.59287,
Tonga,TON,2000,2.5354884,
Tonga,TON,2009,1.1068236,
Tonga,TON,2015,1.5934346,
Tonga,TON,2021,0.0,
Trinidad and Tobago,TTO,1988,0.43199998,
Trinidad and Tobago,TTO,1992,3.04,
Tunisia,TUN,1985,15.694,
Tunisia,TUN,1990,11.474999,
Tunisia,TUN,1995,12.154,
Tunisia,TUN,2000,6.256,
Tunisia,TUN,2005,3.402461,
Tunisia,TUN,2010,2.0025752,
Tunisia,TUN,2015,0.24618453,
Tunisia,TUN,2021,0.35519347,
Turkey,TUR,1987,0.889,
Turkey,TUR,1994,2.582,
Turkey,TUR,2002,2.1044152,
Turkey,TUR,2003,3.867458,
Turkey,TUR,2004,2.0300298,
Turkey,TUR,2005,2.3406663,
Turkey,TUR,2006,1.7702271,
Turkey,TUR,2007,1.3053389,
Turkey,TUR,2008,0.56494784,
Turkey,TUR,2009,0.72038996,
Turkey,TUR,2010,0.77376914,
Turkey,TUR,2011,0.12952742,
Turkey,TUR,2012,0.09306085,
Turkey,TUR,2013,0.29810533,
Turkey,TUR,2014,0.20468259,
Turkey,TUR,2015,0.21237287,
Turkey,TUR,2016,0.20271698,
Turkey,TUR,2017,0.30056062,
Turkey,TUR,2018,0.35439268,
Turkey,TUR,2019,0.45154127,
Turkey,TUR,2020,0.47089854,
Turkey,TUR,2021,0.44286466,
Turkmenistan,TKM,1998,49.818604,
Tuvalu,TUV,2010,3.2604172,
Uganda,UGA,1989,57.555996,
Uganda,UGA,1992,63.784172,
Uganda,UGA,1996,62.287205,
Uganda,UGA,1999,66.77517,
Uganda,UGA,2002,64.8633,
Uganda,UGA,2005,56.27802,
Uganda,UGA,2009,44.452454,
Uganda,UGA,2012,35.73948,
Uganda,UGA,2016,41.54019,
Uganda,UGA,2019,40.820156,
Ukraine,UKR,1992,2.67774,
Ukraine,UKR,1993,1.1316714,
Ukraine,UKR,1995,5.152,
Ukraine,UKR,1996,5.025934,
Ukraine,UKR,2002,1.5092913,
Ukraine,UKR,2003,0.5572142,
Ukraine,UKR,2004,0.4592162,
Ukraine,UKR,2005,0.2097083,
Ukraine,UKR,2006,0.09670868,
Ukraine,UKR,2007,0.0791739,
Ukraine,UKR,2008,0.009957771,
Ukraine,UKR,2009,0.054822974,
Ukraine,UKR,2010,0.002843001,
Ukraine,UKR,2011,0.0,
Ukraine,UKR,2012,0.0,
Ukraine,UKR,2013,0.0,
Ukraine,UKR,2014,0.006391669,
Ukraine,UKR,2015,0.019662658,
Ukraine,UKR,2016,0.0,
Ukraine,UKR,2017,0.022941798,
Ukraine,UKR,2018,0.009935224,
Ukraine,UKR,2019,0.0,
Ukraine,UKR,2020,0.019133458,
United Arab Emirates,ARE,2013,0.0,
United Arab Emirates,ARE,2018,0.0,
United Kingdom,GBR,1968,0.22279997,
United Kingdom,GBR,1969,0.24375853,
United Kingdom,GBR,1970,0.0,
United Kingdom,GBR,1971,0.0,
United Kingdom,GBR,1972,0.23006743,
United Kingdom,GBR,1973,0.0,
United Kingdom,GBR,1974,0.23836887,
United Kingdom,GBR,1975,0.23684762,
United Kingdom,GBR,1976,0.0,
United Kingdom,GBR,1977,0.24468091,
United Kingdom,GBR,1978,0.0,
United Kingdom,GBR,1979,0.0,
United Kingdom,GBR,1980,0.0,
United Kingdom,GBR,1981,0.0,
United Kingdom,GBR,1982,0.0,
United Kingdom,GBR,1983,0.0,
United Kingdom,GBR,1984,0.0,
United Kingdom,GBR,1985,0.21794489,
United Kingdom,GBR,1986,0.246679,
United Kingdom,GBR,1987,0.0,
United Kingdom,GBR,1988,0.0,
United Kingdom,GBR,1989,0.23182261,
United Kingdom,GBR,1990,0.0,
United Kingdom,GBR,1991,0.0,
United Kingdom,GBR,1992,0.24008574,
United Kingdom,GBR,1993,0.24117,
United Kingdom,GBR,1994,0.24662726,
United Kingdom,GBR,1995,0.24714142,
United Kingdom,GBR,1996,0.24636719,
United Kingdom,GBR,1997,0.24725112,
United Kingdom,GBR,1998,0.24555744,
United Kingdom,GBR,1999,0.24853188,
United Kingdom,GBR,2000,0.2488854,
United Kingdom,GBR,2001,0.24793082,
United Kingdom,GBR,2002,0.24940577,
United Kingdom,GBR,2003,0.24987273,
United Kingdom,GBR,2004,0.24976642,
United Kingdom,GBR,2005,0.24664982,
United Kingdom,GBR,2006,0.23013963,
United Kingdom,GBR,2007,0.24377541,
United Kingdom,GBR,2008,0.2468745,
United Kingdom,GBR,2009,0.24892771,
United Kingdom,GBR,2010,0.24635163,
United Kingdom,GBR,2011,0.24730621,
United Kingdom,GBR,2012,0.24467662,
United Kingdom,GBR,2013,0.24445823,
United Kingdom,GBR,2014,0.24630047,
United Kingdom,GBR,2015,0.24924742,
United Kingdom,GBR,2016,0.24917287,
United Kingdom,GBR,2017,0.24929656,
United Kingdom,GBR,2018,0.49848223,
United Kingdom,GBR,2019,0.49803847,
United Kingdom,GBR,2020,0.49933377,
United Kingdom,GBR,2021,0.24510054,
United States,USA,1963,1.2488154,
United States,USA,1964,1.2425098,
United States,USA,1965,0.99959636,
United States,USA,1966,0.9982232,
United States,USA,1967,0.7484817,
United States,USA,1968,0.7472127,
United States,USA,1969,0.4991601,
United States,USA,1970,0.99295706,
United States,USA,1971,0.747157,
United States,USA,1972,0.74866146,
United States,USA,1973,0.7495643,
United States,USA,1974,0.74715984,
United States,USA,1975,0.49715438,
United States,USA,1976,0.49868184,
United States,USA,1977,0.499499,
United States,USA,1978,0.499942,
United States,USA,1979,0.49982077,
United States,USA,1980,0.4995189,
United States,USA,1981,0.49927452,
United States,USA,1982,0.74773115,
United States,USA,1983,0.49979457,
United States,USA,1984,0.49553943,
United States,USA,1985,0.49709204,
United States,USA,1986,0.49619088,
United States,USA,1987,0.49927145,
United States,USA,1988,0.4992039,
United States,USA,1989,0.49920124,
United States,USA,1990,0.49714324,
United States,USA,1991,0.49938723,
United States,USA,1992,0.49789935,
United States,USA,1993,0.49965855,
United States,USA,1994,0.49979275,
United States,USA,1995,0.49998137,
United States,USA,1996,0.4987854,
United States,USA,1997,0.74906164,
United States,USA,1998,0.7488341,
United States,USA,1999,0.74805623,
United States,USA,2000,0.74959534,
United States,USA,2001,0.7493069,
United States,USA,2002,0.74891585,
United States,USA,2003,0.9974198,
United States,USA,2004,0.9998821,
United States,USA,2005,0.99973184,
United States,USA,2006,0.9989091,
United States,USA,2007,0.99989045,
United States,USA,2008,0.99974924,
United States,USA,2009,0.9993861,
United States,USA,2010,0.99972683,
United States,USA,2011,0.9989762,
United States,USA,2012,0.99847966,
United States,USA,2013,0.99546385,
United States,USA,2014,1.2489468,
United States,USA,2015,1.2491881,
United States,USA,2016,0.9993911,
United States,USA,2017,1.2499229,
United States,USA,2018,0.9997919,
United States,USA,2019,0.99917054,
United States,USA,2020,0.24997409,
United States,USA,2021,0.24871896,
United States,USA,2022,1.2491857,
Uruguay,URY,2006,0.4711239,
Uruguay,URY,2007,0.33169553,
Uruguay,URY,2008,0.18636961,
Uruguay,URY,2009,0.20467706,
Uruguay,URY,2010,0.15245411,
Uruguay,URY,2011,0.115895025,
Uruguay,URY,2012,0.15105024,
Uruguay,URY,2013,0.16367328,
Uruguay,URY,2014,0.115389206,
Uruguay,URY,2015,0.13164747,
Uruguay,URY,2016,0.07513427,
Uruguay,URY,2017,0.054147646,
Uruguay,URY,2018,0.055849954,
Uruguay,URY,2019,0.09900131,
Uruguay,URY,2020,0.18569371,
Uruguay,URY,2021,0.112155,
Uruguay,URY,2022,0.114489615,
Uruguay (urban),,1981,0.0,
Uruguay (urban),,1989,0.5798811,
Uruguay (urban),,1992,0.5035211,
Uruguay (urban),,1995,0.44769907,
Uruguay (urban),,1996,0.46169955,
Uruguay (urban),,1997,0.5385966,
Uruguay (urban),,1998,0.58103514,
Uruguay (urban),,2000,0.5064887,
Uruguay (urban),,2001,0.42195135,
Uruguay (urban),,2002,0.5149114,
Uruguay (urban),,2003,0.6729715,
Uruguay (urban),,2004,0.804864,
Uruguay (urban),,2005,0.7210108,
Uzbekistan,UZB,1998,39.28188,
Uzbekistan,UZB,2000,60.631012,
Uzbekistan,UZB,2002,56.586792,
Uzbekistan,UZB,2003,60.686207,
Uzbekistan,UZB,2022,1.0183643,
Vanuatu,VUT,2010,13.142954,
Vanuatu,VUT,2019,8.624011,
Venezuela,VEN,1981,6.005,
Venezuela,VEN,1987,6.262,
Venezuela,VEN,1989,4.9646177,
Venezuela,VEN,1992,4.3473506,
Venezuela,VEN,1995,9.379051,
Venezuela,VEN,1998,9.789314,
Venezuela,VEN,1999,11.140849,
Venezuela,VEN,2001,9.280859,
Venezuela,VEN,2002,15.522708,
Venezuela,VEN,2003,18.790234,
Venezuela,VEN,2004,15.759897,
Venezuela,VEN,2005,13.899414,
Venezuela,VEN,2006,6.676079,
Vietnam,VNM,1992,52.296658,
Vietnam,VNM,1997,31.436134,
Vietnam,VNM,2002,37.019608,
Vietnam,VNM,2004,25.783327,
Vietnam,VNM,2006,18.837532,
Vietnam,VNM,2008,14.119381,
Vietnam,VNM,2010,4.0277386,
Vietnam,VNM,2012,2.7281852,
Vietnam,VNM,2014,2.6012092,
Vietnam,VNM,2016,1.8047862,
Vietnam,VNM,2018,1.8014646,
Vietnam,VNM,2020,1.0256302,
Vietnam,VNM,2022,1.3032892,
Western and Central Africa (PIP),,1990,56.709766,
Western and Central Africa (PIP),,1991,57.974796,
Western and Central Africa (PIP),,1992,58.64167,
Western and Central Africa (PIP),,1993,59.717655,
Western and Central Africa (PIP),,1994,60.134422,
Western and Central Africa (PIP),,1995,60.262264,
Western and Central Africa (PIP),,1996,60.166943,
Western and Central Africa (PIP),,1997,59.50932,
Western and Central Africa (PIP),,1998,58.854366,
Western and Central Africa (PIP),,1999,58.21284,
Western and Central Africa (PIP),,2000,57.618885,
Western and Central Africa (PIP),,2001,55.965763,
Western and Central Africa (PIP),,2002,53.429497,
Western and Central Africa (PIP),,2003,52.174473,
Western and Central Africa (PIP),,2004,50.372536,
Western and Central Africa (PIP),,2005,49.21491,
Western and Central Africa (PIP),,2006,48.217106,
Western and Central Africa (PIP),,2007,47.3587,
Western and Central Africa (PIP),,2008,45.462547,
Western and Central Africa (PIP),,2009,44.61796,
Western and Central Africa (PIP),,2010,42.3485,
Western and Central Africa (PIP),,2011,41.375404,
Western and Central Africa (PIP),,2012,39.55036,
Western and Central Africa (PIP),,2013,38.167873,
Western and Central Africa (PIP),,2014,36.429848,
Western and Central Africa (PIP),,2015,36.41353,
Western and Central Africa (PIP),,2016,35.073532,
Western and Central Africa (PIP),,2017,33.313408,
Western and Central Africa (PIP),,2018,31.61013,
Western and Central Africa (PIP),,2019,30.578964,
Western and Central Africa (PIP),,2020,31.700468,
Western and Central Africa (PIP),,2021,31.20839,
Western and Central Africa (PIP),,2022,30.64974,
Western and Central Africa (PIP),,2023,30.371782,
Western and Central Africa (PIP),,2024,29.812569,
World,OWID_WRL,1990,36.315266,
World,OWID_WRL,1991,35.905735,
World,OWID_WRL,1992,35.125427,
World,OWID_WRL,1993,34.632793,
World,OWID_WRL,1994,32.552258,
World,OWID_WRL,1995,30.892967,
World,OWID_WRL,1996,29.454739,
World,OWID_WRL,1997,29.264944,
World,OWID_WRL,1998,29.679495,
World,OWID_WRL,1999,28.717072,
World,OWID_WRL,2000,27.857498,
World,OWID_WRL,2001,27.00092,
World,OWID_WRL,2002,25.628656,
World,OWID_WRL,2003,24.139387,
World,OWID_WRL,2004,22.31815,
World,OWID_WRL,2005,20.57138,
World,OWID_WRL,2006,19.655422,
World,OWID_WRL,2007,18.498173,
World,OWID_WRL,2008,17.787916,
World,OWID_WRL,2009,17.027102,
World,OWID_WRL,2010,15.350845,
World,OWID_WRL,2011,13.629779,
World,OWID_WRL,2012,12.821492,
World,OWID_WRL,2013,11.555649,
World,OWID_WRL,2014,11.10519,
World,OWID_WRL,2015,10.704558,
World,OWID_WRL,2016,10.515432,
World,OWID_WRL,2017,9.745655,
World,OWID_WRL,2018,9.071656,
World,OWID_WRL,2019,9.193054,
World,OWID_WRL,2020,10.060686,
World,OWID_WRL,2021,9.830249,
World,OWID_WRL,2022,9.361777,
World,OWID_WRL,2023,9.202885,
World,OWID_WRL,2024,8.968433,
World (excluding China),,1990,28.19029,
World (excluding China),,1991,28.161222,
World (excluding China),,1992,27.857811,
World (excluding China),,1993,27.895155,
World (excluding China),,1994,27.328465,
World (excluding China),,1995,26.801426,
World (excluding China),,1996,26.159773,
World (excluding China),,1997,26.084858,
World (excluding China),,1998,26.73474,
World (excluding China),,1999,25.64416,
World (excluding China),,2000,25.338959,
World (excluding China),,2001,24.98743,
World (excluding China),,2002,24.015303,
World (excluding China),,2003,23.377176,
World (excluding China),,2004,22.245451,
World (excluding China),,2005,21.198935,
World (excluding China),,2006,20.431604,
World (excluding China),,2007,19.397078,
World (excluding China),,2008,18.659132,
World (excluding China),,2009,18.069122,
World (excluding China),,2010,16.404055,
World (excluding China),,2011,14.979723,
World (excluding China),,2012,14.300784,
World (excluding China),,2013,13.88645,
World (excluding China),,2014,13.483022,
World (excluding China),,2015,13.156552,
World (excluding China),,2016,12.9067335,
World (excluding China),,2017,11.947359,
World (excluding China),,2018,11.105237,
World (excluding China),,2019,11.236221,
World (excluding China),,2020,12.275758,
World (excluding China),,2021,11.974159,
World (excluding China),,2022,11.3836355,
World (excluding China),,2023,11.168745,
World (excluding China),,2024,10.862387,
World (excluding India),,1990,33.73269,
World (excluding India),,1991,33.27741,
World (excluding India),,1992,32.414528,
World (excluding India),,1993,31.909418,
World (excluding India),,1994,29.516733,
World (excluding India),,1995,27.653078,
World (excluding India),,1996,26.084808,
World (excluding India),,1997,25.901423,
World (excluding India),,1998,26.487225,
World (excluding India),,1999,25.523483,
World (excluding India),,2000,24.55126,
World (excluding India),,2001,23.558811,
World (excluding India),,2002,21.923279,
World (excluding India),,2003,20.271582,
World (excluding India),,2004,18.281216,
World (excluding India),,2005,16.458925,
World (excluding India),,2006,15.682951,
World (excluding India),,2007,14.608282,
World (excluding India),,2008,13.915896,
World (excluding India),,2009,13.272665,
World (excluding India),,2010,12.35913,
World (excluding India),,2011,11.25689,
World (excluding India),,2012,10.7120075,
World (excluding India),,2013,9.369101,
World (excluding India),,2014,9.075514,
World (excluding India),,2015,8.876493,
World (excluding India),,2016,8.832971,
World (excluding India),,2017,8.731235,
World (excluding India),,2018,8.565987,
World (excluding India),,2019,8.548488,
World (excluding India),,2020,8.889057,
World (excluding India),,2021,8.989113,
World (excluding India),,2022,8.869065,
World (excluding India),,2023,8.967389,
World (excluding India),,2024,8.972815,
Yemen,YEM,1998,6.966711,
Yemen,YEM,2005,9.3850975,
Yemen,YEM,2014,18.268234,
Zambia,ZMB,1991,55.163586,
Zambia,ZMB,1993,56.172,
Zambia,ZMB,1996,43.624893,
Zambia,ZMB,1998,43.845367,
Zambia,ZMB,2002,52.052425,
Zambia,ZMB,2004,58.37081,
Zambia,ZMB,2006,62.13967,
Zambia,ZMB,2010,61.393135,
Zambia,ZMB,2015,58.38208,
Zambia,ZMB,2022,61.551643,
Zimbabwe,ZWE,2011,21.356,
Zimbabwe,ZWE,2017,33.863873,
Zimbabwe,ZWE,2019,39.53214,
