Entity,Code,Year,gini_reduction_percent
Australia,AUS,2020,27.664398
Austria,AUT,2023,41.368305
Belgium,BEL,2023,47.710392
Bulgaria,BGR,2023,26.000977
Brazil,BRA,2022,13.769303
Canada,CAN,2023,29.330254
Switzerland,CHE,2022,21.229038
Chile,CHL,2022,8.684091
China,CHN,2011,6.2212048
Costa Rica,CRI,2024,12.564923
Czechia,CZE,2023,43.472324
Germany,DEU,2022,38.747005
Denmark,DNK,2022,37.466064
Spain,ESP,2023,34.449482
Estonia,EST,2023,33.50899
Finland,FIN,2023,47.15128
France,FRA,2023,42.166348
United Kingdom,GBR,2023,29.675951
Greece,GRC,2023,36.89469
Croatia,HRV,2023,33.094387
Hungary,HUN,2022,29.395489
India,IND,2011,2.671639
Ireland,IRL,2023,41.18701
Iceland,ISL,2019,35.709225
Israel,ISR,2022,23.191198
Italy,ITA,2023,36.166565
Japan,JPN,2021,34.11306
South Korea,KOR,2022,18.181818
Lithuania,LTU,2023,29.68922
Luxembourg,LUX,2023,35.719585
Latvia,LVA,2023,28.078783
Mexico,MEX,2022,3.773286
Netherlands,NLD,2023,34.162895
Norway,NOR,2022,39.489773
New Zealand,NZL,2022,28.665205
Poland,POL,2023,41.88799
Portugal,PRT,2023,36.477844
Romania,ROU,2023,38.056725
Russia,RUS,2017,26.958523
Slovakia,SVK,2023,48.33751
Slovenia,SVN,2023,42.41718
Sweden,SWE,2023,33.101852
Turkey,TUR,2022,18.57535
United States,USA,2023,22.073793
South Africa,ZAF,2017,12.849015
